classifier acc,actual label,recommend ids,recommend score,100 test set,200 test set,300 test set,400 test set,500 test set
-1.0,comp.sys.ibm.pc.hardware,6,-1.0,-1.0,-1.0,-1.0,-1.0,-1.0
-1.0,sci.med,4,-1.0,-1.0,-1.0,-1.0,-1.0,-1.0
-1.0,comp.sys.mac.hardware,8,-1.0,-1.0,-1.0,-1.0,-1.0,-1.0
0.064,comp.sys.ibm.pc.hardware,20,2.9957322002540963,0.06,0.055,0.056666666666666664,0.0575,0.058
0.064,talk.religion.misc,44,2.9957320779425705,0.06,0.05,0.05,0.0525,0.058
0.066,comp.graphics,78,2.995731902894125,0.04,0.045,0.04666666666666667,0.05,0.054
0.068,misc.forsale,80,2.995731675652927,0.04,0.045,0.043333333333333335,0.0475,0.052
0.07,rec.sport.hockey,484,2.9957313985914227,0.04,0.045,0.043333333333333335,0.0475,0.052
0.072,talk.politics.mideast,321,2.9957310671946433,0.04,0.045,0.043333333333333335,0.0475,0.054
0.078,talk.religion.misc,481,2.995730677195665,0.05,0.05,0.05,0.06,0.062
0.084,talk.religion.misc,160,2.99573011298916,0.05,0.05,0.05,0.06,0.064
0.09,comp.os.ms-windows.misc,391,2.9957294534872396,0.06,0.07,0.06333333333333334,0.07,0.074
0.1,comp.os.ms-windows.misc,320,2.9957287257263396,0.06,0.07,0.06333333333333334,0.07,0.074
0.1,talk.politics.mideast,438,2.9957277861146565,0.05,0.065,0.06,0.07,0.072
0.116,sci.electronics,69,2.9957267260791904,0.06,0.07,0.06333333333333334,0.075,0.076
0.124,rec.autos,414,2.99572560864701,0.05,0.065,0.06666666666666667,0.075,0.078
0.134,misc.forsale,417,2.995724287575741,0.05,0.06,0.06333333333333334,0.0725,0.076
0.148,rec.sport.hockey,284,2.9957229023278846,0.05,0.06,0.07333333333333333,0.0775,0.08
0.152,sci.space,219,2.995720991590483,0.04,0.055,0.07,0.0775,0.09
0.152,sci.space,102,2.9957193634785613,0.04,0.055,0.07333333333333333,0.08,0.096
0.156,rec.sport.hockey,269,2.995717665376324,0.05,0.065,0.07666666666666666,0.08,0.102
0.174,comp.os.ms-windows.misc,115,2.995715237973488,0.06,0.08,0.09666666666666666,0.095,0.112
0.18,soc.religion.christian,423,2.9957128247455476,0.07,0.085,0.1,0.0975,0.114
0.188,talk.politics.guns,300,2.9957105499700734,0.09,0.105,0.11,0.105,0.122
0.188,comp.windows.x,494,2.99570785457083,0.1,0.11,0.11666666666666667,0.11,0.126
0.196,sci.space,273,2.9957054599130752,0.13,0.135,0.13333333333333333,0.125,0.136
0.198,sci.electronics,374,2.9957029808813576,0.13,0.14,0.14333333333333334,0.135,0.144
0.202,comp.graphics,138,2.9957004223236408,0.15,0.155,0.15333333333333332,0.1425,0.152
0.212,comp.sys.ibm.pc.hardware,287,2.995697573157012,0.15,0.155,0.15333333333333332,0.1425,0.152
0.214,rec.autos,28,2.995694065330873,0.15,0.155,0.15333333333333332,0.14,0.15
0.222,alt.atheism,3,2.9956903086737805,0.15,0.155,0.15333333333333332,0.14,0.152
0.232,sci.med,412,2.995687219432295,0.16,0.16,0.15666666666666668,0.1425,0.154
0.234,rec.motorcycles,178,2.9956832007749847,0.16,0.165,0.16333333333333333,0.1475,0.158
0.238,rec.motorcycles,113,2.995679826231598,0.17,0.165,0.16666666666666666,0.15,0.162
0.252,talk.politics.misc,236,2.9956763702110294,0.17,0.175,0.17333333333333334,0.155,0.166
0.254,comp.graphics,190,2.9956732436563094,0.17,0.175,0.17333333333333334,0.155,0.168
0.26,comp.graphics,482,2.9956703435055734,0.17,0.175,0.17333333333333334,0.155,0.172
0.264,comp.windows.x,211,2.995666625800224,0.18,0.185,0.18,0.16,0.176
0.272,comp.sys.mac.hardware,167,2.9956633613651134,0.17,0.18,0.17666666666666667,0.1575,0.176
0.276,sci.electronics,323,2.995659764901631,0.17,0.18,0.17666666666666667,0.1575,0.176
0.278,comp.windows.x,257,2.9956564579364984,0.17,0.18,0.17666666666666667,0.1575,0.176
0.284,talk.religion.misc,235,2.9956534414454072,0.18,0.18,0.17666666666666667,0.1575,0.176
0.282,comp.windows.x,224,2.995646865134388,0.18,0.185,0.18,0.16,0.178
0.286,rec.autos,293,2.9956425967328024,0.18,0.19,0.18,0.16,0.18
0.292,misc.forsale,193,2.995637673046218,0.18,0.195,0.18666666666666668,0.165,0.186
0.294,alt.atheism,198,2.9956322746531105,0.17,0.195,0.18666666666666668,0.165,0.186
0.298,soc.religion.christian,249,2.995627502119104,0.17,0.195,0.18666666666666668,0.165,0.186
0.304,alt.atheism,364,2.995623593192347,0.16,0.19,0.18666666666666668,0.1675,0.188
0.31,soc.religion.christian,50,2.9956197911923934,0.16,0.205,0.19666666666666666,0.18,0.196
0.314,soc.religion.christian,446,2.995616690888781,0.17,0.21,0.20333333333333334,0.185,0.2
0.316,misc.forsale,18,2.9956115954002906,0.19,0.22,0.21333333333333335,0.1925,0.206
0.32,sci.electronics,461,2.9956065172956925,0.19,0.22,0.21666666666666667,0.195,0.208
0.322,sci.med,424,2.9955986701536106,0.21,0.225,0.22,0.1975,0.212
0.334,talk.politics.misc,435,2.9955926114308764,0.22,0.23,0.22333333333333333,0.2,0.216
0.338,sci.space,400,2.9955881417059014,0.22,0.23,0.22666666666666666,0.205,0.222
0.348,sci.med,106,2.995581771188215,0.23,0.235,0.23333333333333334,0.2075,0.224
0.358,sci.crypt,37,2.9955752354284164,0.24,0.24,0.24,0.21,0.228
0.362,sci.crypt,367,2.9955945744406876,0.24,0.245,0.24333333333333335,0.2125,0.23
0.372,comp.os.ms-windows.misc,109,2.995566135070228,0.26,0.26,0.25666666666666665,0.225,0.242
0.378,comp.windows.x,126,2.995562268259019,0.26,0.26,0.25666666666666665,0.2275,0.246
0.38,talk.politics.mideast,21,2.9955548103755407,0.28,0.27,0.2633333333333333,0.2325,0.252
0.384,rec.sport.baseball,149,2.995548397894172,0.29,0.285,0.27,0.2375,0.256
0.388,talk.religion.misc,294,2.995545755764082,0.29,0.285,0.27666666666666667,0.2425,0.262
0.394,rec.motorcycles,304,2.9955391992435643,0.29,0.295,0.2833333333333333,0.2475,0.27
0.404,sci.crypt,390,2.9955332164674346,0.29,0.3,0.29,0.2525,0.274
0.408,talk.politics.guns,265,2.9955283329760785,0.29,0.3,0.29,0.2525,0.272
0.408,rec.sport.baseball,196,2.9955301088698523,0.29,0.3,0.29,0.25,0.27
0.414,sci.crypt,271,2.9955274700011736,0.29,0.305,0.29333333333333333,0.2525,0.272
0.414,rec.autos,439,2.995525358040742,0.3,0.31,0.2966666666666667,0.2575,0.278
0.416,talk.politics.guns,62,2.995520624861109,0.3,0.31,0.3,0.2625,0.28
0.422,comp.sys.mac.hardware,322,2.9955225373734486,0.3,0.315,0.30333333333333334,0.265,0.282
0.428,talk.religion.misc,311,2.9955244617323027,0.29,0.315,0.30333333333333334,0.2625,0.284
0.432,rec.motorcycles,375,2.9955248171148408,0.3,0.315,0.30666666666666664,0.265,0.284
0.434,talk.politics.mideast,150,2.9955240462472865,0.29,0.315,0.31,0.2675,0.286
0.438,comp.windows.x,82,2.9955237242101274,0.3,0.32,0.31333333333333335,0.2725,0.29
0.444,rec.sport.baseball,358,2.995518605361316,0.3,0.32,0.31333333333333335,0.27,0.29
0.448,talk.politics.guns,453,2.9955190983956066,0.31,0.33,0.32,0.275,0.294
0.448,sci.med,142,2.9955193787940204,0.31,0.335,0.3233333333333333,0.2775,0.296
0.45,rec.sport.baseball,458,2.995517844807155,0.31,0.34,0.3233333333333333,0.2825,0.3
0.45,rec.sport.hockey,475,2.9955155809004057,0.31,0.345,0.32666666666666666,0.2875,0.304
0.454,rec.motorcycles,428,2.995514874476545,0.32,0.345,0.3333333333333333,0.29,0.304
0.456,misc.forsale,119,2.9955140105082085,0.33,0.355,0.34,0.295,0.308
0.464,rec.sport.baseball,148,2.9955128206726154,0.32,0.35,0.33666666666666667,0.29,0.306
0.464,alt.atheism,58,2.995506002140789,0.33,0.35,0.34,0.2925,0.31
0.468,rec.autos,216,2.9955047444693097,0.33,0.35,0.3433333333333333,0.295,0.312
0.474,sci.med,382,2.995504233446908,0.33,0.35,0.3466666666666667,0.3,0.314
0.474,talk.politics.guns,223,2.9955021285283174,0.33,0.355,0.35,0.305,0.318
0.478,comp.windows.x,182,2.995496741232481,0.33,0.355,0.3566666666666667,0.31,0.32
0.484,sci.crypt,468,2.9954936121061055,0.33,0.345,0.3466666666666667,0.3025,0.314
0.486,talk.politics.guns,467,2.995487821316412,0.33,0.355,0.35,0.305,0.318
0.49,talk.politics.mideast,262,2.9954848048179157,0.34,0.365,0.36,0.3125,0.324
0.494,comp.sys.mac.hardware,15,2.9954795348949697,0.34,0.36,0.3566666666666667,0.3125,0.324
0.496,sci.space,107,2.995472908561688,0.34,0.36,0.3566666666666667,0.315,0.326
0.496,misc.forsale,419,2.9954651835979718,0.35,0.37,0.36666666666666664,0.3225,0.334
0.5,comp.sys.mac.hardware,123,2.9954621150141247,0.36,0.375,0.37,0.3275,0.34
0.508,comp.sys.ibm.pc.hardware,154,2.9954512583251454,0.36,0.375,0.37333333333333335,0.33,0.344
0.506,comp.graphics,168,2.9954439442260803,0.36,0.385,0.37666666666666665,0.3375,0.348
0.506,rec.sport.baseball,202,2.9954350684870152,0.36,0.385,0.37666666666666665,0.3375,0.35
0.514,rec.sport.baseball,238,2.9954275682839944,0.37,0.39,0.38,0.3425,0.356
0.514,rec.sport.baseball,336,2.995422832562185,0.37,0.39,0.38333333333333336,0.345,0.358
0.516,sci.electronics,476,2.9954153249199873,0.37,0.395,0.38666666666666666,0.35,0.364
0.52,sci.med,354,2.9954084833055323,0.38,0.4,0.39,0.355,0.368
0.526,sci.med,282,2.99538711771975,0.38,0.405,0.3933333333333333,0.36,0.37
0.534,comp.sys.mac.hardware,465,2.995375482138795,0.38,0.41,0.4066666666666667,0.3725,0.38
0.532,misc.forsale,201,2.9953624151314333,0.4,0.42,0.41333333333333333,0.3775,0.386
0.532,rec.sport.hockey,406,2.995353661786942,0.41,0.43,0.42333333333333334,0.385,0.394
0.534,talk.politics.misc,19,2.99533497645742,0.41,0.435,0.4266666666666667,0.3875,0.396
0.536,comp.sys.ibm.pc.hardware,365,2.995317981155338,0.41,0.43,0.42333333333333334,0.39,0.398
0.534,sci.space,429,2.9953188391059538,0.41,0.43,0.42,0.39,0.398
0.536,misc.forsale,112,2.9952888522936574,0.44,0.445,0.43666666666666665,0.405,0.408
0.54,comp.sys.ibm.pc.hardware,344,2.9952828009090955,0.44,0.44,0.43333333333333335,0.3975,0.402
0.552,soc.religion.christian,220,2.9952713561474136,0.46,0.45,0.44,0.4025,0.406
0.554,talk.religion.misc,277,2.9952612525496365,0.46,0.45,0.43666666666666665,0.3975,0.404
0.556,misc.forsale,319,2.9952568001923576,0.48,0.46,0.44333333333333336,0.4025,0.408
0.558,comp.os.ms-windows.misc,306,2.9952443063361134,0.49,0.465,0.45,0.4075,0.412
0.558,rec.sport.hockey,84,2.995231735808956,0.49,0.46,0.44666666666666666,0.405,0.41
0.564,comp.graphics,402,2.995205727363998,0.49,0.47,0.4533333333333333,0.4125,0.416
0.568,rec.sport.hockey,275,2.9951875907710392,0.49,0.47,0.4533333333333333,0.41,0.414
0.576,sci.med,347,2.995168335247058,0.51,0.48,0.46,0.415,0.418
0.58,rec.sport.baseball,401,2.995136770671823,0.51,0.48,0.46,0.415,0.418
0.58,sci.crypt,350,2.995127418541197,0.51,0.485,0.4633333333333333,0.4175,0.422
0.582,talk.religion.misc,370,2.995098561975132,0.52,0.485,0.4633333333333333,0.4125,0.42
0.586,sci.electronics,143,2.99507718148825,0.52,0.485,0.46,0.41,0.418
0.586,sci.crypt,452,2.9950467570792494,0.51,0.48,0.4533333333333333,0.4025,0.412
0.588,comp.sys.ibm.pc.hardware,229,2.9950275750876534,0.5,0.475,0.4533333333333333,0.4025,0.414
0.592,alt.atheism,161,2.9950047431999183,0.49,0.47,0.45,0.4,0.412
0.592,rec.autos,76,2.994969056065408,0.49,0.47,0.45,0.395,0.41
0.598,misc.forsale,259,2.9949384030404542,0.49,0.47,0.44666666666666666,0.395,0.408
0.6,soc.religion.christian,188,2.9949084703443014,0.49,0.47,0.44666666666666666,0.395,0.408
0.6,rec.motorcycles,394,2.994890965255809,0.49,0.47,0.44666666666666666,0.3925,0.406
0.602,comp.windows.x,111,2.9948647545541074,0.49,0.47,0.44666666666666666,0.395,0.408
0.608,talk.politics.misc,299,2.994844300688688,0.49,0.47,0.44666666666666666,0.3925,0.408
0.604,comp.os.ms-windows.misc,40,2.99482205515498,0.49,0.47,0.44666666666666666,0.395,0.41
0.608,rec.sport.hockey,408,2.9947847914190477,0.49,0.47,0.44666666666666666,0.3925,0.408
0.612,sci.med,130,2.994765858943962,0.49,0.475,0.45,0.395,0.41
0.616,sci.electronics,267,2.9947381439131107,0.49,0.475,0.44666666666666666,0.3925,0.408
0.618,rec.motorcycles,137,2.994718914108357,0.49,0.475,0.44666666666666666,0.3925,0.408
0.622,comp.windows.x,334,2.994698475698557,0.49,0.475,0.44666666666666666,0.3925,0.408
0.624,comp.sys.mac.hardware,345,2.994664965854443,0.48,0.47,0.44333333333333336,0.39,0.406
0.626,talk.politics.misc,67,2.9946452911741077,0.48,0.47,0.44333333333333336,0.39,0.406
0.63,sci.electronics,227,2.994628442718476,0.48,0.47,0.44333333333333336,0.39,0.406
0.632,rec.autos,384,2.9946129735054567,0.48,0.47,0.44333333333333336,0.39,0.406
0.636,soc.religion.christian,430,2.9945889691875247,0.48,0.475,0.44666666666666666,0.395,0.41
0.64,rec.autos,302,2.9945587953720993,0.48,0.475,0.44666666666666666,0.395,0.41
0.644,comp.graphics,218,2.9945505444106986,0.48,0.475,0.44666666666666666,0.3975,0.412
0.646,sci.space,197,2.9945411839406315,0.48,0.475,0.45,0.4,0.414
0.648,comp.sys.mac.hardware,191,2.9945318715834075,0.48,0.47,0.44333333333333336,0.3975,0.412
0.648,talk.politics.guns,399,2.9945153951973773,0.49,0.48,0.4533333333333333,0.405,0.422
0.65,talk.politics.guns,158,2.994481307844997,0.49,0.48,0.45666666666666667,0.4075,0.424
0.654,comp.graphics,411,2.994468129248275,0.49,0.48,0.4633333333333333,0.4125,0.43
0.656,comp.windows.x,88,2.9944502272169817,0.49,0.485,0.4666666666666667,0.4125,0.43
0.66,comp.sys.mac.hardware,251,2.994435869176912,0.49,0.485,0.4666666666666667,0.4125,0.43
0.662,talk.politics.mideast,164,2.9944045238425314,0.49,0.49,0.47,0.4175,0.436
0.662,soc.religion.christian,1,2.9943939301471816,0.5,0.495,0.47333333333333333,0.42,0.438
0.664,soc.religion.christian,61,2.994387624500605,0.5,0.495,0.4766666666666667,0.4225,0.44
0.666,misc.forsale,54,2.9943705859024514,0.5,0.495,0.4766666666666667,0.4225,0.44
0.672,sci.space,274,2.9943399132283286,0.5,0.495,0.4766666666666667,0.4225,0.44
0.674,rec.motorcycles,289,2.9943233911758327,0.5,0.495,0.4766666666666667,0.425,0.442
0.678,comp.sys.ibm.pc.hardware,398,2.9943087135947364,0.5,0.495,0.4766666666666667,0.4275,0.446
0.678,rec.sport.hockey,65,2.9942225940739275,0.5,0.495,0.48333333333333334,0.4325,0.45
0.682,comp.graphics,26,2.9941931291801978,0.5,0.495,0.4866666666666667,0.4375,0.454
0.684,sci.crypt,462,2.994155781042868,0.51,0.495,0.4866666666666667,0.44,0.456
0.688,sci.electronics,30,2.994139809748754,0.51,0.495,0.49333333333333335,0.445,0.462
0.688,sci.electronics,378,2.994101959280334,0.52,0.505,0.5,0.45,0.47
0.688,sci.space,421,2.994086781640564,0.52,0.505,0.5,0.45,0.47
0.69,comp.graphics,173,2.9940437480560362,0.52,0.505,0.5,0.45,0.472
0.698,rec.sport.baseball,361,2.9940387962717807,0.52,0.505,0.5033333333333333,0.4525,0.474
0.694,comp.os.ms-windows.misc,409,2.994004842264707,0.52,0.5,0.5,0.45,0.472
0.696,rec.autos,52,2.993967724944783,0.52,0.5,0.5,0.4525,0.474
0.694,talk.politics.mideast,86,2.9939485544671456,0.52,0.5,0.5,0.45,0.472
0.702,sci.med,497,2.9939190912180935,0.52,0.5,0.5,0.45,0.472
0.706,comp.graphics,385,2.993885628376891,0.52,0.5,0.5033333333333333,0.4525,0.474
0.708,comp.sys.ibm.pc.hardware,489,2.9938372032907257,0.52,0.5,0.5033333333333333,0.455,0.476
0.712,rec.autos,377,2.993774711846173,0.53,0.505,0.5066666666666667,0.4575,0.478
0.716,misc.forsale,71,2.993754336719786,0.53,0.505,0.5066666666666667,0.4575,0.478
0.714,soc.religion.christian,441,2.9937100454364725,0.53,0.505,0.51,0.46,0.482
0.716,talk.politics.guns,466,2.993670642523029,0.53,0.505,0.5066666666666667,0.46,0.482
0.716,alt.atheism,72,2.9936182288435247,0.53,0.505,0.5066666666666667,0.4625,0.484
0.716,misc.forsale,162,2.99357075723607,0.53,0.505,0.5066666666666667,0.46,0.484
0.714,sci.med,156,2.9935345101261195,0.53,0.505,0.5066666666666667,0.46,0.484
0.716,alt.atheism,63,2.9934766352114877,0.52,0.5,0.5033333333333333,0.46,0.484
0.718,comp.os.ms-windows.misc,469,2.9934404964192156,0.52,0.5,0.5,0.455,0.48
0.72,talk.politics.guns,325,2.9934257367904595,0.53,0.505,0.5033333333333333,0.4575,0.482
0.722,sci.med,324,2.993370836816374,0.53,0.505,0.5033333333333333,0.4575,0.482
0.722,talk.politics.misc,41,2.993291761093274,0.53,0.505,0.5033333333333333,0.4575,0.482
0.724,comp.sys.ibm.pc.hardware,189,2.9932699574618438,0.53,0.505,0.5033333333333333,0.4575,0.482
0.726,sci.crypt,183,2.9932248945138364,0.53,0.52,0.5133333333333333,0.465,0.488
0.73,talk.religion.misc,140,2.9931670849361107,0.53,0.515,0.51,0.4625,0.486
0.736,rec.sport.hockey,445,2.9930993869849685,0.53,0.51,0.5066666666666667,0.4575,0.486
0.738,rec.motorcycles,195,2.993068146937408,0.53,0.515,0.5133333333333333,0.4675,0.492
0.738,soc.religion.christian,436,2.993025341358809,0.53,0.515,0.5133333333333333,0.4675,0.492
0.74,talk.politics.mideast,492,2.9929548593516664,0.53,0.515,0.5133333333333333,0.465,0.49
0.74,comp.graphics,205,2.992897261846195,0.53,0.515,0.5133333333333333,0.465,0.49
0.744,comp.os.ms-windows.misc,245,2.992845774939495,0.53,0.515,0.5133333333333333,0.465,0.49
0.75,sci.crypt,125,2.992817338826619,0.53,0.52,0.5166666666666667,0.4675,0.492
0.754,comp.os.ms-windows.misc,470,2.992819662543738,0.54,0.525,0.52,0.47,0.494
0.754,rec.motorcycles,247,2.9928222343727136,0.54,0.525,0.52,0.4725,0.496
0.756,comp.graphics,239,2.99278198627931,0.54,0.525,0.5233333333333333,0.475,0.498
0.754,alt.atheism,376,2.9927064512654344,0.54,0.525,0.5233333333333333,0.475,0.5
0.758,rec.motorcycles,266,2.9926770610512783,0.54,0.52,0.52,0.4725,0.498
0.756,rec.sport.baseball,326,2.992674216356831,0.54,0.52,0.52,0.4725,0.496
0.754,rec.autos,5,2.9926113726864916,0.56,0.53,0.5233333333333333,0.475,0.498
0.756,comp.windows.x,416,2.992580118313349,0.57,0.535,0.5266666666666666,0.4775,0.5
0.758,comp.graphics,222,2.9925251957296846,0.57,0.535,0.5233333333333333,0.475,0.496
0.762,sci.space,291,2.9924741994805224,0.57,0.535,0.5233333333333333,0.475,0.496
0.762,sci.electronics,92,2.992405581084113,0.57,0.535,0.5266666666666666,0.4775,0.498
0.766,soc.religion.christian,339,2.992347253327951,0.57,0.535,0.53,0.48,0.498
0.764,rec.autos,253,2.992288441830005,0.57,0.535,0.53,0.48,0.498
0.768,rec.autos,39,2.9922013294714565,0.57,0.535,0.53,0.48,0.5
0.776,talk.politics.mideast,371,2.992106268107684,0.57,0.535,0.5333333333333333,0.4825,0.502
0.78,comp.windows.x,353,2.9920295035941287,0.58,0.54,0.54,0.49,0.508
0.778,rec.sport.baseball,459,2.992009088886924,0.58,0.54,0.5433333333333333,0.495,0.514
0.784,talk.politics.guns,480,2.991947271715497,0.58,0.54,0.5433333333333333,0.495,0.514
0.78,comp.windows.x,91,2.9919035823020814,0.58,0.545,0.5466666666666666,0.4975,0.518
0.78,comp.graphics,386,2.9918077597427706,0.58,0.545,0.5466666666666666,0.4975,0.518
0.784,talk.politics.misc,174,2.991785872407425,0.58,0.55,0.55,0.5,0.52
0.788,comp.os.ms-windows.misc,495,2.9916785066001776,0.58,0.555,0.5533333333333333,0.5025,0.52
0.788,comp.windows.x,68,2.9915966845236674,0.59,0.56,0.5566666666666666,0.5075,0.524
0.788,comp.sys.ibm.pc.hardware,491,2.991546881926288,0.59,0.57,0.5633333333333334,0.5125,0.528
0.79,sci.electronics,332,2.9915028389661003,0.59,0.57,0.5633333333333334,0.5125,0.528
0.79,talk.politics.guns,403,2.9914768875164137,0.59,0.57,0.5666666666666667,0.515,0.53
0.79,sci.med,29,2.991381735243486,0.59,0.57,0.57,0.515,0.53
0.792,sci.med,36,2.991298414565946,0.59,0.57,0.5733333333333334,0.5175,0.532
0.792,sci.med,171,2.99119367208163,0.59,0.565,0.5733333333333334,0.52,0.534
0.792,rec.sport.hockey,340,2.9911330463793604,0.59,0.565,0.57,0.5175,0.532
0.792,sci.electronics,493,2.9910279834318536,0.59,0.57,0.5733333333333334,0.52,0.534
0.796,alt.atheism,57,2.990954230221242,0.58,0.565,0.57,0.515,0.53
0.794,comp.sys.mac.hardware,280,2.990889649123923,0.58,0.565,0.57,0.515,0.53
0.794,misc.forsale,134,2.990787882473064,0.58,0.57,0.5733333333333334,0.5175,0.532
0.8,sci.crypt,48,2.9906977197244906,0.58,0.57,0.5766666666666667,0.52,0.534
0.8,comp.sys.mac.hardware,426,2.990617258199658,0.59,0.575,0.58,0.52,0.534
0.8,comp.windows.x,25,2.990487467223603,0.59,0.575,0.58,0.5225,0.536
0.8,comp.os.ms-windows.misc,33,2.9904433372546886,0.6,0.58,0.5833333333333334,0.525,0.538
0.802,rec.sport.hockey,152,2.9903670667108146,0.6,0.575,0.5766666666666667,0.5275,0.542
0.802,soc.religion.christian,232,2.9903271286018156,0.6,0.58,0.5766666666666667,0.525,0.54
0.802,rec.motorcycles,85,2.990165754476128,0.58,0.57,0.57,0.52,0.536
0.804,comp.os.ms-windows.misc,455,2.9901091593889424,0.58,0.57,0.57,0.5225,0.54
0.804,comp.os.ms-windows.misc,488,2.990090750943799,0.58,0.575,0.5733333333333334,0.5275,0.544
0.806,sci.electronics,210,2.9899312033911793,0.58,0.575,0.5733333333333334,0.53,0.548
0.81,rec.sport.hockey,0,2.989886935857452,0.58,0.575,0.5733333333333334,0.53,0.548
0.812,rec.sport.baseball,451,2.989719218033219,0.58,0.575,0.5733333333333334,0.53,0.548
0.816,comp.graphics,179,2.989622181614932,0.58,0.57,0.57,0.5275,0.546
0.816,rec.autos,121,2.989554372005958,0.58,0.57,0.57,0.5275,0.546
0.818,rec.sport.baseball,286,2.9894464743813196,0.58,0.57,0.57,0.5275,0.546
0.818,sci.space,387,2.989310319249927,0.58,0.57,0.5733333333333334,0.53,0.548
0.818,misc.forsale,372,2.9892357495296857,0.58,0.57,0.5733333333333334,0.53,0.548
0.82,alt.atheism,454,2.989065306821617,0.58,0.57,0.5733333333333334,0.53,0.548
0.82,misc.forsale,254,2.9890010353466896,0.58,0.565,0.5733333333333334,0.53,0.546
0.82,rec.sport.baseball,362,2.9888145882374033,0.59,0.575,0.58,0.535,0.55
0.824,talk.religion.misc,357,2.9887415529930323,0.59,0.575,0.58,0.535,0.55
0.826,sci.med,283,2.9886556298793456,0.59,0.585,0.5866666666666667,0.54,0.554
0.824,comp.graphics,433,2.9884770416688324,0.6,0.59,0.59,0.5425,0.556
0.828,misc.forsale,13,2.988379054974308,0.6,0.595,0.5933333333333334,0.545,0.558
0.828,talk.politics.mideast,316,2.9883284939553363,0.6,0.595,0.5933333333333334,0.545,0.558
0.828,sci.crypt,303,2.988188838631774,0.6,0.585,0.5866666666666667,0.54,0.554
0.828,rec.sport.hockey,132,2.9878673336718045,0.6,0.585,0.5866666666666667,0.54,0.554
0.83,comp.sys.ibm.pc.hardware,141,2.9876854156426544,0.6,0.585,0.59,0.5425,0.558
0.832,alt.atheism,230,2.987666709622776,0.6,0.585,0.59,0.5425,0.56
0.832,comp.sys.ibm.pc.hardware,70,2.987547093033212,0.6,0.585,0.59,0.545,0.56
0.832,sci.med,129,2.987377071496676,0.6,0.585,0.59,0.5475,0.562
0.832,soc.religion.christian,46,2.987259653217959,0.6,0.585,0.59,0.5475,0.562
0.834,sci.electronics,51,2.987214913313608,0.6,0.58,0.5866666666666667,0.5475,0.562
0.834,sci.electronics,228,2.987117577101643,0.61,0.58,0.5866666666666667,0.55,0.564
0.84,sci.crypt,241,2.987039127075096,0.61,0.58,0.5866666666666667,0.55,0.564
0.842,sci.crypt,165,2.9866091590521306,0.61,0.575,0.5833333333333334,0.5475,0.562
0.848,sci.electronics,380,2.9864948674416754,0.61,0.575,0.5833333333333334,0.5475,0.562
0.85,comp.sys.ibm.pc.hardware,373,2.986303582931097,0.61,0.575,0.5833333333333334,0.5475,0.56
0.85,comp.sys.mac.hardware,43,2.9862567824138906,0.61,0.575,0.5833333333333334,0.545,0.558
0.85,comp.sys.ibm.pc.hardware,199,2.986098820782721,0.62,0.58,0.5866666666666667,0.5475,0.562
0.854,comp.sys.ibm.pc.hardware,108,2.9860153488324825,0.62,0.58,0.5866666666666667,0.5475,0.562
0.854,comp.windows.x,66,2.9858901326001557,0.62,0.58,0.59,0.55,0.564
0.858,talk.politics.misc,258,2.9859282436435097,0.62,0.585,0.5933333333333334,0.5525,0.568
0.858,misc.forsale,147,2.9856725592463507,0.62,0.585,0.5933333333333334,0.5525,0.568
0.86,comp.graphics,98,2.9855567929979148,0.62,0.585,0.5933333333333334,0.5525,0.568
0.86,rec.sport.baseball,77,2.9853250317363424,0.62,0.59,0.5933333333333334,0.5525,0.568
0.86,rec.autos,285,2.985244243681344,0.62,0.585,0.59,0.55,0.566
0.862,talk.politics.misc,404,2.984995821646111,0.61,0.58,0.5866666666666667,0.545,0.562
0.868,talk.religion.misc,73,2.984593931756843,0.61,0.58,0.5866666666666667,0.545,0.564
0.87,alt.atheism,187,2.9845348381194987,0.6,0.575,0.5833333333333334,0.5425,0.562
0.868,comp.graphics,460,2.9843346453644224,0.6,0.575,0.5833333333333334,0.54,0.56
0.868,comp.sys.mac.hardware,496,2.9841295656963,0.6,0.575,0.5833333333333334,0.5425,0.562
0.868,misc.forsale,212,2.983956876289729,0.6,0.575,0.5833333333333334,0.5425,0.564
0.872,misc.forsale,443,2.9838086863617037,0.6,0.575,0.58,0.54,0.562
0.874,sci.crypt,381,2.983729241948261,0.6,0.575,0.58,0.5375,0.558
0.878,talk.politics.misc,485,2.9836941357019398,0.6,0.575,0.58,0.5375,0.558
0.88,talk.politics.misc,448,2.9835361519376806,0.6,0.575,0.58,0.5375,0.558
0.88,talk.politics.guns,233,2.983379096616181,0.62,0.585,0.5866666666666667,0.5425,0.562
0.88,sci.space,298,2.9832260197656297,0.62,0.585,0.59,0.5425,0.562
0.88,comp.windows.x,464,2.9831498300441557,0.63,0.59,0.5933333333333334,0.55,0.568
0.88,talk.politics.guns,338,2.9830515230774632,0.63,0.585,0.59,0.5525,0.57
0.884,rec.sport.baseball,413,2.9829992288964315,0.64,0.585,0.59,0.5525,0.57
0.884,rec.motorcycles,93,2.9829187182423285,0.64,0.585,0.59,0.5525,0.572
0.886,rec.sport.baseball,81,2.982766554995676,0.65,0.59,0.5933333333333334,0.5575,0.576
0.886,sci.electronics,297,2.9826623773058403,0.65,0.595,0.5933333333333334,0.5575,0.574
0.886,sci.med,24,2.9826233067529873,0.66,0.6,0.5966666666666667,0.56,0.576
0.888,rec.autos,328,2.982409686663799,0.66,0.6,0.5966666666666667,0.5625,0.578
0.888,sci.crypt,89,2.9820354781466696,0.66,0.6,0.5966666666666667,0.56,0.576
0.888,sci.electronics,200,2.981900694140414,0.66,0.595,0.5933333333333334,0.5575,0.574
0.89,rec.autos,368,2.981709275171722,0.66,0.595,0.5933333333333334,0.5575,0.574
0.892,soc.religion.christian,116,2.9815582373491005,0.66,0.595,0.5966666666666667,0.56,0.576
0.894,talk.religion.misc,124,2.9814092964589123,0.66,0.595,0.5966666666666667,0.56,0.576
0.892,comp.os.ms-windows.misc,118,2.9811901156827734,0.66,0.595,0.5966666666666667,0.5575,0.574
0.892,rec.sport.hockey,420,2.981031132209724,0.65,0.59,0.5933333333333334,0.5575,0.574
0.892,comp.os.ms-windows.misc,181,2.980775187400057,0.65,0.59,0.5933333333333334,0.5575,0.574
0.896,soc.religion.christian,309,2.980431018940751,0.65,0.595,0.5966666666666667,0.56,0.578
0.9,rec.motorcycles,369,2.9803822958809785,0.64,0.595,0.5966666666666667,0.56,0.578
0.9,comp.windows.x,244,2.9802501677182636,0.64,0.595,0.5966666666666667,0.56,0.578
0.9,rec.sport.baseball,447,2.9798917927278676,0.64,0.595,0.5966666666666667,0.56,0.578
0.9,comp.graphics,341,2.9798385728589754,0.64,0.595,0.6,0.56,0.578
0.9,comp.os.ms-windows.misc,213,2.979571384715449,0.64,0.595,0.6,0.56,0.578
0.9,soc.religion.christian,11,2.9793361002449026,0.64,0.6,0.6,0.56,0.578
0.904,sci.electronics,177,2.979148829295633,0.64,0.6,0.6,0.56,0.578
0.906,rec.sport.baseball,337,2.9789584700034006,0.64,0.595,0.5966666666666667,0.555,0.574
0.908,sci.space,49,2.9786843382726587,0.64,0.595,0.6,0.5575,0.576
0.91,comp.os.ms-windows.misc,434,2.978549781215856,0.64,0.595,0.6033333333333334,0.56,0.578
0.91,comp.graphics,47,2.9784505025442836,0.65,0.605,0.6133333333333333,0.5675,0.586
0.91,rec.autos,194,2.9781642009684623,0.65,0.61,0.6166666666666667,0.57,0.586
0.912,misc.forsale,237,2.977950087463758,0.65,0.605,0.6133333333333333,0.5675,0.584
0.912,talk.politics.guns,351,2.977881010335338,0.65,0.605,0.6133333333333333,0.5675,0.584
0.914,comp.sys.ibm.pc.hardware,471,2.977775002777361,0.65,0.605,0.6133333333333333,0.5675,0.584
0.916,talk.politics.mideast,366,2.977650638662458,0.65,0.605,0.6133333333333333,0.5675,0.584
0.916,alt.atheism,410,2.9775166518057703,0.66,0.615,0.62,0.5725,0.586
0.916,sci.electronics,431,2.9769286726609354,0.65,0.615,0.62,0.5725,0.582
0.922,rec.sport.baseball,127,2.9765890470028604,0.65,0.62,0.6233333333333333,0.575,0.584
0.922,soc.religion.christian,206,2.9758998331606663,0.65,0.62,0.6233333333333333,0.575,0.586
0.924,comp.sys.ibm.pc.hardware,144,2.9756811139013046,0.65,0.62,0.6233333333333333,0.575,0.586
0.924,rec.autos,342,2.97533370748851,0.65,0.62,0.6233333333333333,0.575,0.586
0.924,rec.sport.hockey,207,2.9752251040582074,0.66,0.625,0.6266666666666667,0.5775,0.588
0.924,alt.atheism,301,2.97483285932523,0.66,0.625,0.6266666666666667,0.5775,0.588
0.926,sci.space,405,2.9745447430115877,0.66,0.625,0.6266666666666667,0.575,0.586
0.928,comp.sys.ibm.pc.hardware,483,2.9740694544141517,0.67,0.635,0.6366666666666667,0.58,0.59
0.93,alt.atheism,246,2.9738055847241496,0.67,0.635,0.6366666666666667,0.58,0.59
0.932,sci.crypt,263,2.9737453529735283,0.67,0.635,0.6366666666666667,0.585,0.594
0.93,comp.windows.x,169,2.9734392992754253,0.67,0.635,0.6366666666666667,0.585,0.594
0.93,comp.windows.x,104,2.9733377680153885,0.66,0.63,0.6333333333333333,0.585,0.596
0.932,rec.sport.hockey,99,2.9727716644191053,0.65,0.625,0.63,0.5825,0.596
0.932,comp.os.ms-windows.misc,457,2.9723133909428374,0.65,0.63,0.6333333333333333,0.5875,0.6
0.934,misc.forsale,110,2.9721137984318378,0.65,0.63,0.6333333333333333,0.5875,0.602
0.934,comp.os.ms-windows.misc,261,2.971859556582587,0.65,0.635,0.6366666666666667,0.59,0.604
0.934,sci.electronics,333,2.971736585797949,0.64,0.625,0.63,0.585,0.6
0.934,comp.graphics,472,2.9711020738761267,0.64,0.625,0.6266666666666667,0.5825,0.6
0.934,comp.sys.mac.hardware,117,2.9707810016085214,0.64,0.625,0.63,0.5875,0.604
0.934,misc.forsale,346,2.9703758590445384,0.63,0.62,0.6266666666666667,0.585,0.604
0.934,comp.os.ms-windows.misc,279,2.969921790189457,0.63,0.62,0.6266666666666667,0.585,0.604
0.936,alt.atheism,17,2.969717524903237,0.63,0.62,0.6266666666666667,0.585,0.606
0.936,comp.sys.ibm.pc.hardware,499,2.9690710157360427,0.63,0.62,0.6266666666666667,0.585,0.606
0.936,rec.motorcycles,60,2.968787178002429,0.63,0.625,0.63,0.5875,0.608
0.938,soc.religion.christian,260,2.9683629188643814,0.63,0.63,0.6333333333333333,0.5925,0.612
0.938,comp.sys.mac.hardware,185,2.968214370733741,0.63,0.63,0.6333333333333333,0.5925,0.612
0.938,rec.sport.hockey,175,2.968003303959904,0.63,0.63,0.6333333333333333,0.5925,0.612
0.938,sci.space,103,2.967773732670625,0.63,0.63,0.6366666666666667,0.595,0.614
0.938,sci.med,101,2.9676261341527943,0.63,0.63,0.6366666666666667,0.5925,0.612
0.94,sci.crypt,310,2.9671938698896283,0.63,0.63,0.6366666666666667,0.5925,0.612
0.94,comp.windows.x,34,2.9667948987610253,0.63,0.63,0.6366666666666667,0.5925,0.612
0.94,soc.religion.christian,55,2.9662255690526735,0.63,0.63,0.64,0.595,0.614
0.94,comp.sys.mac.hardware,474,2.965986878418683,0.63,0.63,0.64,0.595,0.614
0.942,comp.graphics,215,2.965788376281556,0.64,0.635,0.6433333333333333,0.5975,0.616
0.942,sci.med,243,2.9653144993150087,0.64,0.635,0.6433333333333333,0.5975,0.616
0.944,rec.sport.hockey,422,2.9645398016747664,0.65,0.635,0.6433333333333333,0.5975,0.616
0.952,talk.politics.mideast,22,2.9643634475394665,0.65,0.635,0.6433333333333333,0.5975,0.616
0.954,comp.sys.ibm.pc.hardware,38,2.9637274213969222,0.65,0.635,0.6433333333333333,0.5975,0.618
0.954,rec.sport.baseball,295,2.9635565111206343,0.65,0.635,0.6433333333333333,0.5975,0.618
0.954,comp.sys.ibm.pc.hardware,355,2.962921514319756,0.65,0.635,0.6433333333333333,0.5975,0.618
0.956,rec.autos,440,2.962523311014709,0.65,0.635,0.6466666666666666,0.6025,0.622
0.956,misc.forsale,136,2.9620107919786136,0.65,0.645,0.6533333333333333,0.605,0.624
0.956,comp.graphics,23,2.961246204120756,0.65,0.645,0.6533333333333333,0.6025,0.622
0.956,sci.electronics,90,2.9608111350071766,0.65,0.645,0.6566666666666666,0.605,0.624
0.954,comp.sys.mac.hardware,276,2.9604409235737514,0.64,0.64,0.6533333333333333,0.6025,0.622
0.956,talk.politics.mideast,120,2.960294525788329,0.64,0.64,0.6533333333333333,0.6025,0.622
0.956,comp.windows.x,425,2.9593378227490224,0.65,0.645,0.6566666666666666,0.605,0.624
0.956,comp.graphics,463,2.9588593070090785,0.65,0.645,0.6533333333333333,0.6025,0.622
0.956,misc.forsale,392,2.958420339286485,0.65,0.645,0.6566666666666666,0.605,0.624
0.958,comp.sys.ibm.pc.hardware,14,2.958029363041922,0.65,0.645,0.6566666666666666,0.605,0.624
0.96,alt.atheism,278,2.9575447643213018,0.65,0.645,0.6566666666666666,0.605,0.624
0.96,misc.forsale,407,2.95712622290029,0.65,0.645,0.6566666666666666,0.605,0.626
0.96,rec.autos,250,2.956500963425438,0.65,0.65,0.6566666666666666,0.605,0.624
0.96,soc.religion.christian,327,2.9558770955461724,0.65,0.65,0.6566666666666666,0.605,0.624
0.96,rec.sport.hockey,157,2.955275871371555,0.65,0.65,0.6566666666666666,0.605,0.624
0.96,soc.religion.christian,16,2.9539778895383675,0.66,0.655,0.66,0.6075,0.626
0.96,comp.graphics,360,2.9534451764820866,0.66,0.655,0.66,0.6075,0.626
0.96,comp.graphics,290,2.9531443761717697,0.66,0.655,0.66,0.6075,0.626
0.96,comp.os.ms-windows.misc,209,2.952902372310514,0.66,0.655,0.66,0.6075,0.626
0.96,rec.sport.baseball,479,2.952134947430664,0.66,0.66,0.6633333333333333,0.61,0.63
0.96,sci.space,231,2.9506301091493596,0.66,0.66,0.66,0.6075,0.628
0.962,talk.politics.guns,478,2.9507414901978954,0.67,0.665,0.6633333333333333,0.61,0.63
0.962,rec.sport.hockey,444,2.9498538185738674,0.67,0.665,0.6633333333333333,0.61,0.63
0.966,sci.crypt,45,2.9492014781545697,0.67,0.665,0.6633333333333333,0.61,0.63
0.966,alt.atheism,270,2.948771833930717,0.67,0.66,0.66,0.61,0.632
0.968,sci.electronics,288,2.9482338601370777,0.67,0.66,0.66,0.61,0.634
0.968,rec.autos,186,2.94785780139001,0.67,0.66,0.66,0.61,0.634
0.968,talk.politics.mideast,159,2.947144460455641,0.67,0.655,0.6566666666666666,0.6075,0.632
0.97,comp.os.ms-windows.misc,432,2.9463316035854348,0.67,0.655,0.6566666666666666,0.6075,0.632
0.97,rec.sport.hockey,331,2.9452484116976523,0.67,0.655,0.66,0.61,0.634
0.972,sci.electronics,100,2.944832439738634,0.67,0.655,0.66,0.61,0.632
0.972,rec.sport.baseball,192,2.943769258034251,0.67,0.655,0.66,0.61,0.632
0.972,alt.atheism,56,2.943156762275664,0.68,0.66,0.66,0.61,0.632
0.972,comp.sys.ibm.pc.hardware,242,2.940584426557038,0.68,0.655,0.6566666666666666,0.6075,0.63
0.972,soc.religion.christian,313,2.940159795317853,0.68,0.655,0.6533333333333333,0.605,0.628
0.972,rec.motorcycles,456,2.93771290334443,0.67,0.645,0.6466666666666666,0.6,0.624
0.974,talk.religion.misc,307,2.9377634775690886,0.67,0.645,0.65,0.6025,0.624
0.974,rec.autos,2,2.937737547414831,0.67,0.64,0.6466666666666666,0.6,0.622
0.974,comp.sys.mac.hardware,450,2.9361783452079355,0.67,0.64,0.6466666666666666,0.6,0.622
0.974,comp.graphics,95,2.935299812207034,0.67,0.64,0.6466666666666666,0.6025,0.624
0.974,comp.windows.x,128,2.934171475605977,0.67,0.64,0.6466666666666666,0.6025,0.628
0.974,sci.space,133,2.9315506194567527,0.67,0.64,0.6466666666666666,0.6025,0.628
0.974,alt.atheism,105,2.930924168888664,0.67,0.64,0.6466666666666666,0.6025,0.628
0.972,rec.autos,272,2.9284592904221185,0.67,0.64,0.6466666666666666,0.6025,0.628
0.972,talk.religion.misc,264,2.9267601694410343,0.67,0.64,0.6466666666666666,0.6025,0.628
0.972,sci.crypt,12,2.9255256526553075,0.67,0.64,0.6466666666666666,0.6025,0.628
0.974,talk.religion.misc,317,2.9239524301047983,0.68,0.645,0.6466666666666666,0.6025,0.628
0.974,comp.os.ms-windows.misc,305,2.923607953704466,0.68,0.645,0.6466666666666666,0.6025,0.628
0.974,talk.politics.mideast,151,2.9212884334124354,0.68,0.645,0.6466666666666666,0.6025,0.628
0.974,comp.graphics,389,2.920014104612893,0.68,0.645,0.6466666666666666,0.6025,0.628
0.974,sci.crypt,256,2.917043167633337,0.68,0.645,0.6466666666666666,0.6025,0.628
0.974,talk.politics.guns,442,2.9136221405692515,0.68,0.645,0.65,0.605,0.63
0.976,alt.atheism,217,2.9123702750773255,0.69,0.65,0.6533333333333333,0.6075,0.632
0.976,misc.forsale,318,2.91173590503037,0.69,0.655,0.6566666666666666,0.61,0.634
0.978,talk.politics.guns,176,2.9099248254643024,0.69,0.655,0.6566666666666666,0.61,0.634
0.978,comp.graphics,418,2.9085998198509087,0.69,0.655,0.6533333333333333,0.6075,0.632
0.98,rec.motorcycles,7,2.9076372244743407,0.69,0.655,0.6533333333333333,0.6075,0.632
0.98,comp.sys.mac.hardware,234,2.9067484573524216,0.69,0.655,0.6533333333333333,0.6075,0.632
0.982,comp.sys.ibm.pc.hardware,487,2.9055672611146472,0.69,0.655,0.6533333333333333,0.6075,0.632
0.982,rec.sport.hockey,498,2.9046887086378055,0.69,0.655,0.6533333333333333,0.6075,0.632
0.984,sci.med,170,2.9018943531874393,0.68,0.65,0.65,0.605,0.63
0.984,misc.forsale,348,2.901167103366343,0.68,0.65,0.65,0.605,0.63
0.984,sci.med,292,2.900089337120347,0.68,0.65,0.65,0.605,0.63
0.984,sci.med,388,2.8985957517079015,0.68,0.65,0.65,0.605,0.63
0.986,talk.politics.mideast,172,2.898221405625575,0.68,0.65,0.65,0.6025,0.628
0.986,comp.sys.mac.hardware,131,2.896285684637336,0.68,0.65,0.65,0.6025,0.626
0.988,talk.religion.misc,240,2.8939466003630305,0.69,0.655,0.6533333333333333,0.605,0.628
0.988,soc.religion.christian,352,2.89247164618436,0.7,0.66,0.6566666666666666,0.6075,0.63
0.988,comp.sys.mac.hardware,155,2.8899073078224378,0.71,0.665,0.66,0.61,0.634
0.988,rec.sport.hockey,96,2.888215836697474,0.71,0.665,0.6566666666666666,0.6075,0.632
0.988,comp.os.ms-windows.misc,64,2.886862314149724,0.71,0.665,0.6566666666666666,0.61,0.632
0.99,soc.religion.christian,146,2.8839638491811974,0.71,0.67,0.66,0.6125,0.634
0.99,sci.crypt,204,2.883150699443238,0.71,0.67,0.66,0.6125,0.634
0.99,rec.sport.hockey,225,2.881077360709107,0.71,0.67,0.66,0.6125,0.634
0.99,rec.sport.hockey,94,2.878770844942969,0.71,0.67,0.6633333333333333,0.615,0.636
0.99,comp.sys.mac.hardware,31,2.8773593625822653,0.71,0.67,0.6633333333333333,0.615,0.636
0.99,rec.autos,139,2.8720212715360076,0.71,0.67,0.6633333333333333,0.615,0.636
0.99,sci.crypt,59,2.8705085498386818,0.72,0.675,0.6666666666666666,0.6175,0.638
0.99,alt.atheism,415,2.869499628207221,0.72,0.67,0.6633333333333333,0.615,0.634
0.99,comp.graphics,79,2.8687038433445724,0.72,0.67,0.6633333333333333,0.615,0.634
0.992,misc.forsale,252,2.8664982299002615,0.71,0.665,0.66,0.6125,0.634
0.994,rec.sport.hockey,9,2.865878851234821,0.71,0.665,0.6633333333333333,0.6125,0.636
0.994,soc.religion.christian,208,2.8628363818434646,0.7,0.66,0.66,0.61,0.634
0.994,comp.os.ms-windows.misc,122,2.8597368193407178,0.7,0.66,0.66,0.61,0.634
0.994,sci.space,296,2.857955750127518,0.71,0.665,0.6633333333333333,0.6125,0.636
0.994,misc.forsale,42,2.8478532016538294,0.71,0.66,0.66,0.61,0.634
0.994,comp.sys.ibm.pc.hardware,383,2.8443180214839816,0.72,0.665,0.6633333333333333,0.6125,0.636
0.994,alt.atheism,330,2.8428136025851702,0.72,0.665,0.6633333333333333,0.6125,0.636
0.994,rec.autos,427,2.8405303485384787,0.72,0.665,0.6633333333333333,0.6125,0.636
0.994,comp.graphics,145,2.839381326481826,0.72,0.665,0.6633333333333333,0.615,0.636
0.994,rec.motorcycles,163,2.834602649086041,0.72,0.665,0.6633333333333333,0.615,0.632
0.994,talk.politics.mideast,473,2.83194949367909,0.72,0.665,0.6633333333333333,0.615,0.632
0.994,soc.religion.christian,356,2.830280835374807,0.73,0.67,0.6666666666666666,0.6175,0.634
0.994,comp.os.ms-windows.misc,308,2.8272355917768244,0.73,0.67,0.6666666666666666,0.615,0.632
0.994,comp.sys.ibm.pc.hardware,75,2.8241219446549772,0.73,0.675,0.6666666666666666,0.615,0.634
0.994,rec.sport.baseball,74,2.8164432091527702,0.73,0.675,0.6666666666666666,0.615,0.634
0.994,soc.religion.christian,10,2.8113164499964576,0.72,0.67,0.6633333333333333,0.615,0.634
0.994,soc.religion.christian,214,2.791295924154687,0.71,0.665,0.66,0.615,0.634
0.994,rec.sport.hockey,180,2.7883469744520446,0.71,0.665,0.66,0.615,0.634
0.996,sci.med,393,2.78530269464312,0.71,0.665,0.66,0.615,0.634
0.996,talk.religion.misc,363,2.7841317835225063,0.71,0.665,0.6633333333333333,0.6175,0.638
0.996,alt.atheism,32,2.7762905262155195,0.71,0.665,0.6633333333333333,0.6175,0.638
0.996,sci.med,343,2.769602983415042,0.71,0.665,0.6633333333333333,0.6175,0.638
0.996,sci.crypt,83,2.7506379979854345,0.71,0.665,0.66,0.615,0.636
0.996,rec.sport.hockey,248,2.74606689006642,0.71,0.665,0.66,0.615,0.636
0.996,alt.atheism,335,2.7326465897195718,0.71,0.665,0.66,0.6175,0.638
0.996,comp.graphics,255,2.7187675536891125,0.71,0.665,0.66,0.6175,0.638
0.996,sci.space,114,2.684229829764692,0.71,0.665,0.66,0.62,0.64
0.996,rec.autos,53,2.6669486596096683,0.71,0.665,0.66,0.62,0.64
0.996,alt.atheism,268,2.657976812646819,0.71,0.665,0.66,0.62,0.64
0.996,sci.med,153,2.6233613168912933,0.7,0.67,0.6633333333333333,0.6225,0.642
0.996,comp.graphics,203,2.6075743028023792,0.7,0.67,0.6633333333333333,0.6225,0.642
0.996,talk.religion.misc,226,2.6011428575539366,0.7,0.665,0.66,0.62,0.642
0.996,sci.med,490,2.5936548378508304,0.7,0.665,0.66,0.6225,0.644
0.996,alt.atheism,396,2.5639963562988464,0.7,0.665,0.66,0.6225,0.644
0.996,soc.religion.christian,315,2.5191545571195686,0.7,0.66,0.6533333333333333,0.6175,0.64
0.996,sci.electronics,379,2.49741865462116,0.7,0.66,0.6533333333333333,0.6175,0.638
0.996,sci.crypt,349,2.4901792255272293,0.7,0.66,0.6533333333333333,0.6175,0.636
0.996,sci.electronics,35,2.475121155504069,0.7,0.66,0.6533333333333333,0.6175,0.636
0.996,talk.religion.misc,97,2.4693790733175662,0.7,0.665,0.6566666666666666,0.6225,0.64
0.996,rec.sport.hockey,397,2.4596326174274052,0.7,0.665,0.6566666666666666,0.6225,0.64
0.996,sci.space,359,2.439250049684372,0.7,0.665,0.6566666666666666,0.6225,0.64
0.996,talk.politics.mideast,329,2.4266463871915533,0.7,0.665,0.6566666666666666,0.6225,0.64
0.996,rec.sport.hockey,314,2.4164374394596613,0.7,0.66,0.6533333333333333,0.62,0.638
0.996,comp.os.ms-windows.misc,312,2.3453753826865,0.7,0.66,0.6533333333333333,0.62,0.638
0.996,sci.electronics,395,2.3032660923681685,0.7,0.66,0.6566666666666666,0.6225,0.64
0.996,rec.sport.hockey,437,2.198968033839608,0.7,0.66,0.6566666666666666,0.625,0.642
0.996,talk.politics.guns,221,2.1584702985238113,0.7,0.66,0.6566666666666666,0.625,0.642
0.996,comp.os.ms-windows.misc,477,2.1109815523104474,0.7,0.66,0.6566666666666666,0.625,0.642
0.996,talk.religion.misc,184,2.039830448971623,0.7,0.66,0.6566666666666666,0.625,0.642
0.996,soc.religion.christian,449,2.033312876814762,0.7,0.66,0.6566666666666666,0.6225,0.64
0.996,rec.sport.hockey,486,2.0201977567026677,0.7,0.66,0.6566666666666666,0.6225,0.64
0.996,sci.crypt,281,1.873282065194045,0.7,0.66,0.6566666666666666,0.62,0.638
0.998,sci.crypt,166,1.8453162998193027,0.7,0.66,0.6533333333333333,0.6175,0.636
0.998,sci.crypt,135,1.7545445382460119,0.7,0.655,0.6466666666666666,0.6125,0.63
0.998,rec.autos,87,1.5851092681063699,0.7,0.655,0.6466666666666666,0.6125,0.63
0.998,rec.motorcycles,27,1.4190976853667494,0.7,0.65,0.6433333333333333,0.61,0.628
