classifier acc,actual topic,recommend ids,recommend score,100 test set,200 test set,300 test set,400 test set,500 test set
-1.0,13,282,-1.0,-1.0,-1.0,-1.0,-1.0,-1.0
-1.0,13,393,-1.0,-1.0,-1.0,-1.0,-1.0,-1.0
-1.0,13,153,-1.0,-1.0,-1.0,-1.0,-1.0,-1.0
0.056,6,392,0.15384711299040343,0.1,0.08,0.07333333333333333,0.075,0.074
0.058,5,169,0.1525932972733207,0.1,0.08,0.07333333333333333,0.075,0.074
0.06,10,340,0.15271976657565464,0.1,0.08,0.07333333333333333,0.075,0.074
0.064,9,337,0.1511400824624388,0.1,0.08,0.07333333333333333,0.075,0.076
0.07,1,168,0.15123598286626264,0.1,0.08,0.07333333333333333,0.075,0.076
0.074,0,415,0.1505633184138122,0.1,0.08,0.07333333333333333,0.075,0.076
0.078,9,479,0.15081202599560484,0.1,0.08,0.07666666666666666,0.0775,0.08
0.08,4,167,0.1513062062072501,0.1,0.08,0.07666666666666666,0.08,0.082
0.084,16,478,0.1512987264532776,0.1,0.08,0.07666666666666666,0.08,0.082
0.086,15,339,0.1586770913189559,0.1,0.08,0.07666666666666666,0.08,0.084
0.098,3,489,0.15128371162350765,0.11,0.085,0.08,0.0825,0.086
0.108,7,414,0.1511570104241782,0.11,0.085,0.08,0.0825,0.086
0.112,11,166,0.15115332701281647,0.12,0.09,0.08666666666666667,0.0875,0.092
0.118,9,413,0.15133508828029757,0.12,0.095,0.09,0.09,0.094
0.13,9,286,0.1511684827832589,0.12,0.1,0.09666666666666666,0.095,0.098
0.142,11,165,0.15182882257690847,0.12,0.105,0.09666666666666666,0.0975,0.1
0.148,2,488,0.15225936594927195,0.13,0.125,0.11,0.1075,0.11
0.148,2,477,0.1533017024445528,0.13,0.13,0.11333333333333333,0.1075,0.11
0.154,3,487,0.1525781674960911,0.15,0.145,0.13,0.125,0.124
0.154,17,164,0.15236397552813366,0.17,0.155,0.13666666666666666,0.1325,0.13
0.154,10,486,0.15287720096322047,0.17,0.165,0.15,0.1475,0.144
0.162,1,411,0.15221290472295004,0.15,0.155,0.14666666666666667,0.1425,0.142
0.166,16,480,0.1604317820095587,0.15,0.155,0.14666666666666667,0.1375,0.138
0.168,13,490,0.15860619778532578,0.16,0.16,0.15333333333333332,0.145,0.144
0.168,16,338,0.17750572056025624,0.15,0.15,0.15,0.1425,0.142
0.174,19,481,0.17003907676710175,0.15,0.155,0.15333333333333332,0.145,0.142
0.178,3,491,0.16419353513146184,0.15,0.155,0.15333333333333332,0.145,0.142
0.182,9,401,0.1567580151442248,0.15,0.155,0.15333333333333332,0.145,0.142
0.182,1,402,0.15786646414946445,0.16,0.155,0.15666666666666668,0.1475,0.142
0.186,1,482,0.1825361639471242,0.17,0.16,0.16,0.15,0.144
0.184,3,483,0.18559055948778844,0.16,0.155,0.15333333333333332,0.1425,0.138
0.184,16,403,0.16120123960935276,0.16,0.155,0.15333333333333332,0.1425,0.14
0.188,17,492,0.17492662885710755,0.16,0.16,0.16,0.1475,0.144
0.192,18,404,0.16333576035284372,0.15,0.155,0.15666666666666668,0.145,0.142
0.192,14,405,0.16437489694312737,0.16,0.155,0.16,0.1475,0.144
0.194,4,155,0.1616354649096786,0.15,0.155,0.16,0.15,0.146
0.198,8,163,0.16173307138891238,0.16,0.165,0.16666666666666666,0.155,0.152
0.198,12,395,0.16380406986990775,0.17,0.17,0.17,0.1575,0.156
0.204,2,469,0.16083286454002954,0.17,0.17,0.17,0.16,0.158
0.208,0,396,0.16678460491204242,0.17,0.17,0.17,0.16,0.156
0.214,2,470,0.1632553665647555,0.18,0.18,0.18,0.17,0.164
0.222,1,472,0.16442282820993356,0.18,0.185,0.18333333333333332,0.1725,0.166
0.232,13,283,0.15428135378960636,0.19,0.19,0.18666666666666668,0.1775,0.172
0.232,8,195,0.15440669806510385,0.19,0.19,0.19,0.18,0.174
0.236,12,493,0.19434622442409916,0.19,0.19,0.19333333333333333,0.1825,0.178
0.242,5,494,0.19584254549458313,0.19,0.19,0.19666666666666666,0.185,0.182
0.25,17,473,0.16997924230604455,0.2,0.195,0.20666666666666667,0.1925,0.19
0.262,10,275,0.15682612727587986,0.2,0.195,0.21333333333333335,0.205,0.204
0.27,4,474,0.17200616900017135,0.21,0.2,0.21666666666666667,0.21,0.206
0.278,9,196,0.15611022808637762,0.22,0.205,0.22,0.2175,0.214
0.28,14,273,0.1559028715578059,0.22,0.205,0.22,0.2175,0.218
0.28,10,484,0.18517724460538953,0.22,0.205,0.22,0.2175,0.218
0.29,19,277,0.16283812053067143,0.21,0.2,0.21666666666666667,0.215,0.222
0.29,0,268,0.15745074133932457,0.22,0.21,0.22333333333333333,0.22,0.226
0.3,7,272,0.15694932906105627,0.22,0.21,0.22333333333333333,0.22,0.226
0.306,4,465,0.15715704976881248,0.22,0.21,0.22333333333333333,0.2225,0.228
0.312,0,278,0.1672354976315417,0.22,0.215,0.22666666666666666,0.225,0.23
0.314,10,397,0.18831983417648424,0.22,0.215,0.22666666666666666,0.2275,0.23
0.318,0,270,0.16351526670145694,0.22,0.215,0.22666666666666666,0.2275,0.23
0.322,7,253,0.15763395899973298,0.22,0.215,0.22666666666666666,0.2275,0.23
0.332,2,279,0.17115116788804616,0.22,0.215,0.22666666666666666,0.23,0.23
0.34,11,271,0.16701575456029777,0.22,0.215,0.22666666666666666,0.2325,0.232
0.342,10,475,0.18287238334476674,0.22,0.215,0.22666666666666666,0.2375,0.24
0.346,3,471,0.16609268685263437,0.25,0.23,0.23666666666666666,0.245,0.248
0.35,14,387,0.16818032587620185,0.26,0.235,0.24,0.2475,0.25
0.354,13,388,0.1704747516047842,0.26,0.235,0.24,0.2525,0.254
0.36,1,389,0.1727200742442335,0.28,0.25,0.25333333333333335,0.2625,0.262
0.364,11,462,0.16729941452478705,0.28,0.26,0.26,0.2675,0.268
0.37,1,463,0.16971274017692448,0.28,0.265,0.26666666666666666,0.2725,0.272
0.376,3,398,0.19663733323138818,0.28,0.265,0.26666666666666666,0.2725,0.27
0.38,11,390,0.18124129084334115,0.28,0.265,0.27,0.2725,0.27
0.384,5,464,0.17664370243691946,0.28,0.27,0.27,0.275,0.272
0.388,12,380,0.17457746269628166,0.29,0.275,0.2733333333333333,0.2775,0.276
0.398,10,422,0.16669032787657087,0.3,0.29,0.2833333333333333,0.285,0.282
0.402,11,381,0.1808105526301983,0.3,0.29,0.2833333333333333,0.285,0.284
0.412,18,485,0.2689346501818316,0.31,0.295,0.2833333333333333,0.285,0.284
0.412,2,391,0.19245691880953664,0.32,0.305,0.29,0.2875,0.288
0.416,9,336,0.1929199661550627,0.33,0.305,0.2966666666666667,0.29,0.292
0.42,3,383,0.192572511373051,0.34,0.315,0.30666666666666664,0.295,0.294
0.426,7,384,0.19533181167156485,0.34,0.315,0.30666666666666664,0.295,0.294
0.426,16,466,0.1946295387116,0.34,0.315,0.30666666666666664,0.2975,0.296
0.432,1,385,0.2006436946378433,0.34,0.31,0.30666666666666664,0.2975,0.296
0.434,16,467,0.19789366845129924,0.34,0.315,0.31,0.3,0.298
0.434,11,468,0.18020328260450258,0.34,0.315,0.31,0.3,0.298
0.432,15,423,0.17384403365660178,0.35,0.32,0.31333333333333335,0.3025,0.302
0.432,0,335,0.18837688815712852,0.35,0.32,0.31333333333333335,0.3025,0.302
0.43,12,379,0.17180378689719988,0.34,0.315,0.31333333333333335,0.3025,0.302
0.434,15,446,0.17141839336023848,0.34,0.315,0.31333333333333335,0.3025,0.302
0.434,12,200,0.16714039463957597,0.34,0.315,0.31333333333333335,0.305,0.304
0.438,8,394,0.20075943088857354,0.34,0.315,0.31333333333333335,0.3025,0.302
0.442,5,334,0.18502545096182432,0.34,0.32,0.31666666666666665,0.305,0.304
0.444,2,495,0.24458295316210973,0.34,0.315,0.31333333333333335,0.3025,0.302
0.446,12,333,0.1835983761215686,0.34,0.315,0.31666666666666665,0.305,0.304
0.448,13,424,0.17844722001416755,0.33,0.31,0.31,0.3,0.302
0.448,1,386,0.22798560476352536,0.34,0.315,0.31666666666666665,0.305,0.308
0.456,10,96,0.16867595420011738,0.34,0.315,0.31666666666666665,0.305,0.308
0.46,3,199,0.16917926807644781,0.34,0.31,0.31333333333333335,0.305,0.308
0.46,5,425,0.1803228548248419,0.34,0.305,0.31,0.305,0.308
0.46,12,378,0.17756438027256558,0.34,0.31,0.31333333333333335,0.3075,0.308
0.464,7,377,0.18039173930490993,0.34,0.31,0.31333333333333335,0.305,0.308
0.468,12,332,0.1774587771748055,0.34,0.31,0.31,0.3025,0.306
0.474,10,445,0.17618632750242808,0.34,0.31,0.31,0.3025,0.308
0.476,10,94,0.1706727961219703,0.34,0.315,0.31666666666666665,0.3075,0.312
0.474,4,496,0.24761864710456874,0.34,0.315,0.31666666666666665,0.3075,0.312
0.476,13,170,0.23195864821433537,0.34,0.32,0.32,0.3125,0.316
0.478,12,476,0.18969716144560983,0.34,0.32,0.32,0.315,0.318
0.48,13,497,0.24781956581820436,0.34,0.325,0.32666666666666666,0.32,0.322
0.484,12,267,0.20028874879416408,0.34,0.325,0.32666666666666666,0.3175,0.32
0.486,1,433,0.18794524098068027,0.34,0.325,0.33,0.3175,0.322
0.486,4,276,0.1843783394976915,0.34,0.32,0.32666666666666666,0.315,0.32
0.49,11,281,0.24218277647111022,0.34,0.32,0.32666666666666666,0.315,0.32
0.488,3,154,0.21343383760469192,0.34,0.32,0.33,0.315,0.324
0.49,18,435,0.2023884078329134,0.34,0.32,0.33,0.315,0.322
0.494,0,410,0.18204851968248992,0.34,0.325,0.3333333333333333,0.3175,0.322
0.498,10,152,0.21825487013036002,0.34,0.325,0.3333333333333333,0.32,0.324
0.5,15,436,0.21205230425872354,0.34,0.325,0.33666666666666667,0.3225,0.326
0.5,8,266,0.19994647271960533,0.34,0.325,0.33666666666666667,0.3225,0.326
0.5,7,439,0.21793075423215413,0.34,0.33,0.33666666666666667,0.3225,0.326
0.514,2,306,0.18080613408214155,0.34,0.325,0.3333333333333333,0.3225,0.326
0.518,19,307,0.18134296118382112,0.34,0.325,0.3333333333333333,0.3225,0.328
0.518,10,269,0.17890129398769045,0.34,0.325,0.3333333333333333,0.3225,0.328
0.52,4,280,0.22833856900769975,0.34,0.33,0.33666666666666667,0.325,0.33
0.522,16,442,0.23059634955208844,0.34,0.33,0.33666666666666667,0.325,0.332
0.52,17,151,0.20738794503708807,0.34,0.33,0.33666666666666667,0.325,0.334
0.53,13,412,0.18888537176857356,0.34,0.33,0.34,0.33,0.34
0.526,10,175,0.17995191756451578,0.34,0.33,0.34,0.3325,0.342
0.524,14,197,0.17842671004970817,0.35,0.335,0.3433333333333333,0.3325,0.344
0.524,1,341,0.22129081052538663,0.35,0.335,0.3433333333333333,0.33,0.344
0.528,14,274,0.17716810693271318,0.35,0.335,0.34,0.3275,0.342
0.532,12,374,0.17461200071548008,0.35,0.335,0.34,0.3275,0.344
0.534,11,241,0.17499459301312204,0.36,0.34,0.3433333333333333,0.33,0.344
0.538,0,217,0.1744859165105366,0.36,0.34,0.3433333333333333,0.33,0.342
0.54,4,426,0.19392268160271042,0.36,0.34,0.3433333333333333,0.3325,0.344
0.542,19,240,0.17652068474596616,0.36,0.34,0.3433333333333333,0.335,0.346
0.542,6,443,0.25084861074088044,0.37,0.335,0.34,0.33,0.342
0.538,10,444,0.25196576852859054,0.37,0.335,0.34,0.33,0.342
0.538,8,428,0.1948097039777724,0.37,0.335,0.33666666666666667,0.3275,0.34
0.542,15,309,0.19560988619879016,0.37,0.335,0.33666666666666667,0.3275,0.338
0.546,7,427,0.19519560572624828,0.37,0.335,0.33666666666666667,0.3275,0.338
0.544,9,149,0.18423127264840314,0.37,0.335,0.33666666666666667,0.3275,0.336
0.544,1,239,0.17975555465646081,0.37,0.335,0.33666666666666667,0.325,0.334
0.546,16,176,0.18868104272455688,0.37,0.335,0.33666666666666667,0.325,0.336
0.546,17,150,0.18648693953329581,0.37,0.335,0.33666666666666667,0.325,0.336
0.548,15,327,0.17839503763549486,0.37,0.335,0.3333333333333333,0.3225,0.334
0.55,16,265,0.18966561231383228,0.37,0.335,0.3333333333333333,0.3225,0.334
0.55,7,216,0.17885532295613063,0.37,0.335,0.3333333333333333,0.3225,0.336
0.55,11,310,0.20156327369677635,0.37,0.34,0.33666666666666667,0.3275,0.34
0.552,7,328,0.18137015413244456,0.37,0.345,0.34,0.33,0.344
0.552,17,329,0.18193530031276023,0.37,0.345,0.34,0.33,0.346
0.552,13,130,0.1785733365522886,0.37,0.345,0.34,0.33,0.346
0.552,10,331,0.17798037132494393,0.37,0.345,0.34,0.33,0.346
0.556,19,264,0.18596398689052757,0.37,0.345,0.34,0.33,0.346
0.558,14,429,0.19681726925614684,0.38,0.35,0.3433333333333333,0.3325,0.348
0.56,12,323,0.1877683712482772,0.38,0.35,0.3433333333333333,0.33,0.346
0.56,17,262,0.18430168397525712,0.38,0.35,0.3433333333333333,0.33,0.346
0.562,13,324,0.1937815542996754,0.4,0.36,0.35,0.335,0.35
0.566,9,326,0.1965848762753323,0.41,0.365,0.3566666666666667,0.34,0.354
0.568,13,382,0.19217234661255872,0.41,0.365,0.3566666666666667,0.34,0.354
0.572,10,408,0.1861416015941542,0.41,0.36,0.35333333333333333,0.3375,0.352
0.572,13,156,0.23078857603544228,0.41,0.36,0.35333333333333333,0.3375,0.354
0.572,7,342,0.2302132048630603,0.41,0.36,0.3566666666666667,0.34,0.356
0.572,3,242,0.18722664997020091,0.41,0.36,0.3566666666666667,0.34,0.356
0.57,19,311,0.20843892688203475,0.41,0.36,0.3566666666666667,0.3425,0.358
0.57,15,260,0.17928670059135646,0.41,0.36,0.35333333333333333,0.34,0.356
0.574,1,218,0.18279945365230554,0.41,0.365,0.3566666666666667,0.3425,0.358
0.58,0,330,0.1777207201768074,0.4,0.36,0.3566666666666667,0.3425,0.358
0.58,5,66,0.17449471893387522,0.4,0.36,0.3566666666666667,0.3425,0.358
0.578,12,461,0.19340746071710802,0.4,0.36,0.3566666666666667,0.3425,0.358
0.576,10,406,0.18171083072114597,0.39,0.355,0.35333333333333333,0.3375,0.354
0.578,0,376,0.18249907161891551,0.39,0.355,0.35333333333333333,0.34,0.356
0.58,5,244,0.1744005142289454,0.39,0.36,0.3566666666666667,0.3425,0.358
0.582,15,249,0.1737285276138295,0.39,0.36,0.3566666666666667,0.3425,0.358
0.586,1,460,0.18962485779149163,0.39,0.36,0.3566666666666667,0.3425,0.358
0.59,12,177,0.20220919425333778,0.39,0.36,0.3566666666666667,0.345,0.36
0.59,9,459,0.18811234874807437,0.39,0.365,0.3566666666666667,0.345,0.36
0.59,18,258,0.17235620345116331,0.39,0.365,0.3566666666666667,0.345,0.36
0.594,2,457,0.18659512116594162,0.39,0.36,0.35333333333333333,0.3425,0.36
0.594,2,245,0.17526605543681803,0.38,0.355,0.35,0.34,0.358
0.596,13,243,0.19163126744833303,0.38,0.355,0.35,0.34,0.358
0.606,0,454,0.18434858063769044,0.39,0.36,0.35333333333333333,0.3425,0.358
0.606,2,312,0.21204208119725626,0.4,0.365,0.3566666666666667,0.3475,0.364
0.608,0,198,0.19017012331310176,0.41,0.37,0.36,0.35,0.366
0.612,7,250,0.17541281379853566,0.41,0.375,0.36333333333333334,0.3525,0.368
0.616,16,325,0.17320838132770233,0.41,0.375,0.36333333333333334,0.3525,0.37
0.616,6,372,0.1723463609218751,0.41,0.375,0.36333333333333334,0.35,0.368
0.616,10,284,0.18774745835873372,0.41,0.375,0.36666666666666664,0.3525,0.372
0.614,13,343,0.23184916040975234,0.42,0.38,0.37,0.355,0.374
0.616,8,178,0.2064365861737314,0.42,0.38,0.37,0.355,0.374
0.618,9,148,0.18557247860362988,0.42,0.38,0.37333333333333335,0.3575,0.376
0.622,16,453,0.1771954992091795,0.42,0.38,0.37333333333333335,0.3575,0.376
0.622,3,14,0.1719455851147039,0.42,0.38,0.37333333333333335,0.3575,0.376
0.622,1,179,0.20791633055695477,0.42,0.38,0.37333333333333335,0.36,0.378
0.626,7,285,0.18954466186513522,0.43,0.385,0.37666666666666665,0.3625,0.38
0.626,9,358,0.18447290629054855,0.44,0.39,0.38333333333333336,0.3675,0.384
0.63,16,399,0.20892477609747404,0.45,0.395,0.38666666666666666,0.37,0.386
0.628,14,400,0.2092581327813496,0.45,0.395,0.38666666666666666,0.3725,0.388
0.63,3,365,0.197785090981874,0.46,0.4,0.39,0.375,0.39
0.634,4,131,0.1869195686067069,0.46,0.4,0.39,0.375,0.39
0.636,17,366,0.20611076718289786,0.45,0.395,0.38666666666666666,0.375,0.39
0.64,14,219,0.18493511541738897,0.45,0.395,0.39,0.375,0.39
0.642,7,368,0.21384343066090017,0.45,0.395,0.3933333333333333,0.3775,0.392
0.646,9,447,0.1946630564463234,0.45,0.395,0.3933333333333333,0.3775,0.392
0.652,3,287,0.19161331190791236,0.45,0.39,0.39,0.375,0.39
0.652,17,371,0.2241997565227182,0.44,0.385,0.38666666666666666,0.3725,0.388
0.66,18,448,0.19519847995184691,0.44,0.39,0.39,0.375,0.392
0.664,0,246,0.17709638036623768,0.44,0.39,0.39,0.375,0.394
0.666,4,251,0.17705866813699256,0.44,0.39,0.39,0.375,0.394
0.666,3,141,0.17200857894610713,0.46,0.4,0.39666666666666667,0.38,0.398
0.668,3,355,0.1749703617058662,0.46,0.41,0.4033333333333333,0.3875,0.404
0.67,8,247,0.1771075383962999,0.46,0.41,0.4033333333333333,0.3875,0.404
0.674,15,220,0.18433833730823632,0.46,0.405,0.4,0.385,0.402
0.676,12,288,0.19283023734410848,0.46,0.405,0.4033333333333333,0.3875,0.404
0.68,9,361,0.18756932059828588,0.46,0.405,0.4,0.385,0.402
0.68,6,201,0.19143414283943805,0.46,0.405,0.4,0.385,0.402
0.682,10,180,0.2131576046490817,0.46,0.405,0.4,0.385,0.402
0.68,0,364,0.19570605854437562,0.46,0.405,0.4,0.385,0.402
0.686,5,126,0.17148189503590663,0.46,0.405,0.4,0.385,0.402
0.69,13,142,0.17200377105864878,0.46,0.405,0.4,0.385,0.404
0.694,9,127,0.1714513093115411,0.46,0.405,0.4,0.3875,0.406
0.692,10,132,0.18731118451128564,0.46,0.405,0.4,0.3875,0.406
0.692,6,254,0.17698369960931742,0.45,0.4,0.39666666666666667,0.385,0.404
0.694,8,375,0.190447205898293,0.46,0.405,0.4,0.3875,0.406
0.694,15,441,0.22760740192330847,0.46,0.41,0.4033333333333333,0.3875,0.406
0.698,11,367,0.21015499695134734,0.47,0.415,0.4066666666666667,0.39,0.41
0.698,16,221,0.18370379534522208,0.47,0.415,0.4066666666666667,0.39,0.41
0.698,8,369,0.21220275969609395,0.47,0.415,0.4066666666666667,0.39,0.41
0.7,19,140,0.180207082460999,0.47,0.415,0.4066666666666667,0.3925,0.412
0.7,6,252,0.17675755907187687,0.47,0.415,0.4066666666666667,0.3925,0.412
0.7,15,352,0.17660878034205338,0.47,0.415,0.41,0.395,0.416
0.7,5,353,0.1787806724738984,0.49,0.425,0.4166666666666667,0.4025,0.422
0.702,3,373,0.18532809395035182,0.49,0.425,0.4166666666666667,0.405,0.424
0.706,13,354,0.1827789195311821,0.49,0.425,0.4166666666666667,0.405,0.426
0.708,14,421,0.18919938669345934,0.49,0.425,0.4166666666666667,0.405,0.428
0.708,11,59,0.17043881575799313,0.49,0.425,0.4166666666666667,0.4075,0.43
0.71,1,78,0.1694423965509336,0.5,0.43,0.42,0.41,0.432
0.712,10,420,0.18870497675838357,0.5,0.43,0.42,0.41,0.432
0.714,9,81,0.1687032838433084,0.5,0.43,0.42,0.4125,0.434
0.716,15,356,0.19164696201070888,0.49,0.43,0.42,0.4125,0.434
0.718,1,95,0.17534909991594821,0.49,0.43,0.42,0.4125,0.434
0.718,19,357,0.19336624680726713,0.49,0.435,0.42333333333333334,0.4175,0.438
0.718,7,440,0.18433378202227632,0.49,0.435,0.42333333333333334,0.4175,0.44
0.718,19,370,0.1797593772509913,0.49,0.435,0.42333333333333334,0.42,0.442
0.722,5,82,0.16971313855870374,0.48,0.43,0.42,0.4175,0.44
0.724,19,97,0.16901338189353884,0.49,0.435,0.42333333333333334,0.42,0.444
0.728,1,418,0.16898878553692226,0.49,0.435,0.42333333333333334,0.42,0.446
0.732,14,359,0.19517438897892278,0.49,0.435,0.4266666666666667,0.4225,0.448
0.74,9,77,0.16723165539649618,0.49,0.435,0.4266666666666667,0.4225,0.45
0.74,8,93,0.16934238899483048,0.49,0.435,0.4266666666666667,0.42,0.448
0.742,6,134,0.1672405468948882,0.49,0.435,0.4266666666666667,0.42,0.448
0.742,17,438,0.1801856361074068,0.5,0.44,0.43333333333333335,0.425,0.452
0.744,10,437,0.17971342065229798,0.5,0.44,0.43333333333333335,0.425,0.45
0.746,6,419,0.1848115535990693,0.5,0.445,0.43666666666666665,0.43,0.454
0.746,12,92,0.16813162952399147,0.5,0.445,0.43666666666666665,0.4325,0.458
0.746,11,135,0.16768852536887488,0.5,0.445,0.43666666666666665,0.4325,0.458
0.746,6,417,0.18074210076259764,0.5,0.445,0.43666666666666665,0.4325,0.46
0.748,5,416,0.17939725836431902,0.5,0.45,0.44,0.435,0.46
0.75,11,125,0.17374520164535137,0.5,0.45,0.44,0.435,0.462
0.752,4,322,0.1935620965316573,0.5,0.45,0.44,0.435,0.462
0.754,19,363,0.1724039601429091,0.5,0.45,0.44333333333333336,0.4375,0.462
0.76,1,98,0.1709042927970833,0.5,0.445,0.44,0.435,0.46
0.762,1,47,0.1678962512808573,0.5,0.445,0.44,0.435,0.462
0.76,10,248,0.18464722172665562,0.5,0.445,0.44,0.435,0.462
0.76,7,139,0.17502849851174393,0.5,0.445,0.44,0.4325,0.46
0.758,12,431,0.17362889515640567,0.49,0.44,0.43666666666666665,0.43,0.458
0.758,2,308,0.20612535766429488,0.49,0.445,0.44666666666666666,0.44,0.468
0.76,5,128,0.1718553803254908,0.49,0.445,0.44666666666666666,0.44,0.468
0.762,2,320,0.18895239019666257,0.49,0.445,0.44666666666666666,0.44,0.468
0.766,15,430,0.17185819263796617,0.49,0.445,0.44666666666666666,0.44,0.468
0.766,13,129,0.17804185202747247,0.49,0.45,0.45,0.4425,0.472
0.766,9,362,0.19702804482691436,0.49,0.45,0.44666666666666666,0.44,0.47
0.766,6,319,0.1869425454797991,0.49,0.45,0.44666666666666666,0.44,0.47
0.766,2,434,0.19880934782131238,0.5,0.45,0.45,0.44,0.47
0.768,1,360,0.1951945679216486,0.52,0.46,0.45666666666666667,0.445,0.474
0.768,16,351,0.17714873619552454,0.52,0.46,0.45666666666666667,0.445,0.474
0.77,11,350,0.1764008986133722,0.52,0.46,0.45666666666666667,0.445,0.474
0.77,11,349,0.17560963853503012,0.53,0.465,0.46,0.4475,0.476
0.774,13,292,0.17510147874008247,0.53,0.465,0.46,0.4475,0.476
0.778,2,432,0.19556840028532946,0.53,0.465,0.46,0.4475,0.476
0.784,6,318,0.1831836960388051,0.53,0.465,0.46,0.4475,0.478
0.784,8,289,0.21578394611898846,0.55,0.48,0.47,0.4525,0.482
0.788,1,290,0.21993124227173405,0.56,0.49,0.4766666666666667,0.4575,0.484
0.792,14,291,0.2238186463658056,0.57,0.495,0.48,0.46,0.486
0.792,19,317,0.18143174607644713,0.57,0.495,0.48,0.46,0.486
0.792,7,293,0.17560901782717583,0.57,0.495,0.48,0.46,0.488
0.794,11,204,0.1713112112160071,0.57,0.495,0.48333333333333334,0.4625,0.49
0.8,6,136,0.1697055302989443,0.58,0.5,0.4866666666666667,0.4675,0.494
0.802,12,297,0.16916190764056363,0.58,0.5,0.49,0.47,0.494
0.802,14,103,0.16701375960778014,0.58,0.5,0.49,0.47,0.494
0.806,1,205,0.1719435605524373,0.58,0.5,0.49,0.47,0.494
0.808,8,137,0.1700792842464313,0.58,0.5,0.49,0.47,0.494
0.81,14,296,0.16776211181640455,0.58,0.5,0.49333333333333335,0.47,0.494
0.812,19,124,0.17429292068890576,0.58,0.505,0.5,0.475,0.502
0.812,17,316,0.17738886978730853,0.58,0.5,0.5,0.475,0.504
0.818,15,206,0.17273442503187525,0.58,0.495,0.49666666666666665,0.4725,0.502
0.816,1,138,0.17076236016640473,0.58,0.495,0.5,0.475,0.504
0.814,4,123,0.16948542478090392,0.58,0.495,0.5,0.4775,0.506
0.812,5,104,0.16772330498435403,0.58,0.5,0.5033333333333333,0.48,0.508
0.812,2,122,0.16705053785673749,0.59,0.505,0.5066666666666667,0.4825,0.51
0.812,6,147,0.16755968765364643,0.59,0.505,0.5066666666666667,0.4825,0.51
0.812,15,315,0.17469954258597103,0.59,0.515,0.5133333333333333,0.4925,0.518
0.812,7,194,0.16836863863955653,0.59,0.515,0.5133333333333333,0.4925,0.518
0.814,13,171,0.16614187906634229,0.6,0.52,0.52,0.4975,0.522
0.812,10,314,0.1735764154075848,0.6,0.52,0.52,0.4975,0.522
0.812,15,313,0.17318388242865654,0.6,0.525,0.5233333333333333,0.4975,0.522
0.818,17,172,0.1665557509556687,0.61,0.53,0.5266666666666666,0.5,0.524
0.818,15,214,0.16629955338385055,0.61,0.53,0.5266666666666666,0.5,0.522
0.82,3,38,0.16623577883488358,0.61,0.535,0.53,0.5025,0.526
0.822,11,12,0.16563382797206502,0.61,0.535,0.53,0.5025,0.526
0.822,11,37,0.16464475860075525,0.61,0.535,0.5333333333333333,0.505,0.53
0.822,1,145,0.16353448231454787,0.61,0.535,0.5333333333333333,0.505,0.53
0.822,8,304,0.18795037346311202,0.61,0.535,0.5333333333333333,0.5075,0.528
0.824,1,255,0.21872055867051907,0.61,0.535,0.5333333333333333,0.5075,0.53
0.824,11,303,0.1845448172100336,0.61,0.535,0.5333333333333333,0.5075,0.53
0.826,7,302,0.18290124418149817,0.61,0.54,0.5366666666666666,0.5075,0.53
0.826,9,192,0.166848802601632,0.61,0.54,0.5333333333333333,0.505,0.528
0.826,0,301,0.1797361164753399,0.6,0.535,0.5266666666666666,0.5,0.524
0.826,16,300,0.17820446692155092,0.6,0.535,0.5233333333333333,0.5,0.526
0.826,11,256,0.1906062464471553,0.6,0.535,0.5233333333333333,0.5,0.524
0.826,5,257,0.19078091368334307,0.6,0.535,0.5233333333333333,0.4975,0.522
0.826,1,222,0.19091754336499375,0.6,0.535,0.5233333333333333,0.4975,0.522
0.828,10,207,0.17634425023052996,0.6,0.53,0.52,0.495,0.52
0.828,14,49,0.16341941062321075,0.6,0.53,0.52,0.495,0.522
0.828,9,202,0.2010183492692101,0.6,0.53,0.52,0.495,0.522
0.828,9,238,0.1763223917971842,0.6,0.53,0.52,0.495,0.522
0.824,6,237,0.1757924554379271,0.6,0.53,0.52,0.495,0.522
0.826,1,173,0.1690579789071015,0.6,0.53,0.52,0.495,0.522
0.826,18,236,0.1747430550287823,0.6,0.53,0.52,0.495,0.522
0.828,15,208,0.17728325985531374,0.6,0.53,0.5166666666666667,0.495,0.522
0.83,5,211,0.1721720754386205,0.6,0.54,0.5233333333333333,0.5,0.528
0.832,18,174,0.17598605642923304,0.59,0.535,0.52,0.495,0.524
0.832,4,234,0.1726704953730862,0.59,0.535,0.52,0.495,0.526
0.832,1,203,0.17119883779003126,0.59,0.54,0.5233333333333333,0.4975,0.528
0.832,1,215,0.17115079006916434,0.59,0.54,0.5233333333333333,0.4975,0.528
0.832,14,231,0.17115195837470992,0.59,0.54,0.5233333333333333,0.495,0.526
0.834,12,210,0.1820615619859371,0.59,0.53,0.5166666666666667,0.49,0.522
0.834,0,230,0.17017089222878243,0.59,0.53,0.5166666666666667,0.49,0.522
0.836,4,345,0.16491602236655237,0.6,0.535,0.52,0.4925,0.524
0.836,6,259,0.19745082196811128,0.6,0.535,0.52,0.4925,0.522
0.836,14,102,0.16399538229120578,0.6,0.535,0.52,0.4925,0.52
0.84,6,212,0.18969657733817372,0.59,0.53,0.5166666666666667,0.49,0.518
0.844,4,43,0.16412753808340888,0.59,0.53,0.5166666666666667,0.49,0.518
0.852,16,223,0.19240690551073006,0.6,0.535,0.52,0.4925,0.52
0.854,2,213,0.19231385012964858,0.59,0.53,0.52,0.4925,0.52
0.854,15,46,0.16181212342167953,0.59,0.53,0.52,0.4925,0.52
0.856,17,321,0.16506477636498185,0.59,0.53,0.52,0.4925,0.52
0.856,3,108,0.1618217394255484,0.59,0.535,0.5233333333333333,0.495,0.522
0.856,12,100,0.16107482032055984,0.59,0.535,0.5233333333333333,0.495,0.524
0.856,2,261,0.2012644159748486,0.59,0.535,0.5233333333333333,0.495,0.524
0.856,2,109,0.16212561922575172,0.6,0.54,0.5266666666666666,0.4975,0.526
0.856,6,162,0.1628698146067277,0.6,0.54,0.5266666666666666,0.4975,0.528
0.858,3,229,0.16327745116583625,0.6,0.54,0.5266666666666666,0.4975,0.53
0.862,5,224,0.19202882136583677,0.6,0.54,0.5266666666666666,0.4975,0.53
0.862,12,228,0.16241753270799866,0.6,0.54,0.5266666666666666,0.4975,0.53
0.864,6,193,0.17219502835111095,0.6,0.54,0.5266666666666666,0.4975,0.53
0.864,10,225,0.19185721854136042,0.6,0.54,0.53,0.5,0.532
0.866,11,83,0.19081185670817927,0.6,0.54,0.53,0.5,0.532
0.866,5,25,0.16104714413091564,0.6,0.54,0.53,0.5,0.532
0.872,7,76,0.1628422812538547,0.6,0.535,0.53,0.5,0.532
0.872,11,48,0.16386792817410228,0.61,0.54,0.5333333333333333,0.5025,0.534
0.872,3,75,0.16279035834595063,0.61,0.54,0.5333333333333333,0.5025,0.534
0.872,0,187,0.1633808291049065,0.61,0.545,0.5366666666666666,0.505,0.536
0.874,4,185,0.1622863051517835,0.61,0.545,0.5333333333333333,0.5025,0.534
0.872,13,101,0.16234366310461706,0.61,0.545,0.5333333333333333,0.5025,0.534
0.872,8,60,0.16019329138406602,0.62,0.555,0.5433333333333333,0.51,0.54
0.872,10,99,0.1806513401892462,0.62,0.555,0.55,0.515,0.544
0.874,6,110,0.16269899458808082,0.62,0.555,0.55,0.515,0.544
0.874,2,33,0.15941327715967682,0.62,0.555,0.55,0.515,0.544
0.876,18,67,0.15865650030201764,0.62,0.555,0.5533333333333333,0.5175,0.546
0.876,2,209,0.18283762765721395,0.62,0.555,0.5533333333333333,0.5175,0.546
0.878,6,80,0.16010874738877962,0.62,0.55,0.55,0.515,0.544
0.88,15,61,0.15765074289608308,0.62,0.555,0.5533333333333333,0.5175,0.546
0.882,7,39,0.1570720241326054,0.62,0.555,0.5533333333333333,0.515,0.544
0.884,3,6,0.1570410084076694,0.62,0.555,0.5533333333333333,0.515,0.544
0.886,19,73,0.1593147750959609,0.63,0.56,0.56,0.52,0.548
0.888,14,133,0.15649378624070004,0.63,0.56,0.56,0.52,0.548
0.888,6,71,0.1574911502931415,0.63,0.56,0.56,0.52,0.548
0.89,10,65,0.15715504909364256,0.63,0.56,0.56,0.52,0.548
0.892,0,105,0.16272435834749605,0.63,0.56,0.56,0.52,0.55
0.892,10,157,0.15602013560541597,0.63,0.56,0.56,0.52,0.55
0.894,0,161,0.1577891401852773,0.63,0.56,0.56,0.52,0.55
0.894,16,158,0.15589672610257005,0.63,0.56,0.5633333333333334,0.5225,0.55
0.894,13,106,0.16258218208351083,0.63,0.56,0.5633333333333334,0.5225,0.55
0.894,11,45,0.15801024908638467,0.63,0.56,0.56,0.52,0.548
0.896,15,50,0.15781181391001628,0.64,0.565,0.5633333333333334,0.5225,0.55
0.898,16,62,0.15698179414084915,0.64,0.565,0.5633333333333334,0.5225,0.55
0.898,5,111,0.16119463624815034,0.64,0.565,0.5633333333333334,0.525,0.552
0.9,6,112,0.1611388774859787,0.64,0.565,0.5633333333333334,0.525,0.552
0.9,14,107,0.16372689920846795,0.64,0.565,0.5633333333333334,0.525,0.552
0.902,12,51,0.15771919018055605,0.64,0.565,0.5633333333333334,0.525,0.552
0.904,8,113,0.1610016292846862,0.63,0.56,0.56,0.5225,0.552
0.906,0,63,0.15680894504549878,0.63,0.56,0.5633333333333334,0.525,0.554
0.908,10,84,0.15872071991542766,0.63,0.56,0.5666666666666667,0.5275,0.562
0.91,6,42,0.1540383713660199,0.62,0.555,0.5633333333333334,0.5275,0.562
0.91,7,28,0.1538992944161123,0.62,0.555,0.5666666666666667,0.53,0.564
0.912,5,91,0.15845553725804584,0.62,0.555,0.5666666666666667,0.53,0.566
0.912,12,143,0.185794019693621,0.62,0.555,0.5666666666666667,0.53,0.566
0.912,19,235,0.15476628814219628,0.62,0.555,0.57,0.5325,0.566
0.914,11,89,0.15756746076222194,0.62,0.555,0.57,0.5325,0.566
0.916,17,86,0.1606950729432583,0.62,0.555,0.57,0.5325,0.566
0.916,17,21,0.1539393659028296,0.62,0.56,0.5733333333333334,0.535,0.568
0.916,4,191,0.16271016278420816,0.62,0.56,0.5733333333333334,0.535,0.568
0.916,7,87,0.15648083248763348,0.62,0.56,0.5733333333333334,0.535,0.568
0.916,3,20,0.154106803962204,0.62,0.56,0.5733333333333334,0.535,0.568
0.92,9,74,0.15218894346931244,0.61,0.555,0.57,0.5325,0.566
0.922,1,79,0.17826925160170784,0.61,0.555,0.57,0.5325,0.566
0.922,6,13,0.15168832225137902,0.61,0.555,0.57,0.535,0.568
0.922,13,24,0.15135227534710155,0.61,0.555,0.57,0.535,0.568
0.922,1,190,0.15212077044515784,0.61,0.555,0.57,0.535,0.568
0.922,2,40,0.15187043155022198,0.61,0.555,0.57,0.535,0.568
0.922,5,88,0.17509324752055042,0.61,0.555,0.57,0.535,0.568
0.922,19,160,0.15154778886818726,0.61,0.56,0.5733333333333334,0.5375,0.57
0.922,8,85,0.15390904136510083,0.61,0.565,0.5766666666666667,0.54,0.572
0.926,1,23,0.15122757050380845,0.61,0.565,0.5766666666666667,0.54,0.572
0.926,0,72,0.15107004836103968,0.61,0.565,0.5766666666666667,0.5425,0.576
0.926,13,4,0.15094175334652193,0.61,0.565,0.5766666666666667,0.5425,0.576
0.926,17,22,0.15227108131889772,0.61,0.565,0.5766666666666667,0.5425,0.576
0.926,8,27,0.15439948760568592,0.61,0.565,0.5766666666666667,0.5425,0.578
0.926,3,144,0.18569025351853932,0.61,0.565,0.5766666666666667,0.5425,0.576
0.926,3,189,0.1595765559745034,0.61,0.57,0.58,0.545,0.578
0.926,0,32,0.15941529429202714,0.62,0.575,0.5833333333333334,0.5475,0.58
0.928,15,188,0.1592876549105237,0.62,0.575,0.5833333333333334,0.5475,0.58
0.928,17,159,0.15015370561759156,0.63,0.58,0.5866666666666667,0.55,0.582
0.93,8,7,0.15014903497089732,0.63,0.58,0.5866666666666667,0.55,0.582
0.93,15,16,0.14929547469952448,0.63,0.58,0.5866666666666667,0.55,0.582
0.932,2,305,0.1495776004411007,0.63,0.58,0.5866666666666667,0.55,0.584
0.932,15,1,0.1478866910094874,0.63,0.58,0.5866666666666667,0.55,0.584
0.932,10,0,0.14701844253880125,0.63,0.58,0.5866666666666667,0.55,0.584
0.932,18,19,0.14645260448434747,0.63,0.585,0.59,0.5525,0.586
0.932,7,52,0.1464515148687713,0.63,0.585,0.59,0.5525,0.586
0.934,3,344,0.1479710246116644,0.63,0.585,0.59,0.5525,0.588
0.934,19,44,0.15096063870854134,0.63,0.585,0.59,0.5525,0.588
0.934,6,54,0.14645460481517664,0.64,0.59,0.5933333333333334,0.5525,0.586
0.936,6,346,0.14333517577423335,0.64,0.59,0.5933333333333334,0.5525,0.586
0.938,4,15,0.14467738111094822,0.64,0.59,0.5966666666666667,0.555,0.586
0.94,18,41,0.14814186131469376,0.64,0.59,0.6,0.5575,0.588
0.942,3,70,0.15397793606344717,0.64,0.59,0.6,0.5575,0.588
0.942,16,233,0.1539347169193166,0.64,0.59,0.6,0.56,0.592
0.942,13,36,0.14851818601746336,0.64,0.595,0.6033333333333334,0.5625,0.594
0.942,12,69,0.15090890371558208,0.64,0.595,0.6033333333333334,0.565,0.596
0.944,2,181,0.17226069593767807,0.64,0.595,0.6033333333333334,0.565,0.596
0.946,14,114,0.15914723292731336,0.64,0.595,0.6033333333333334,0.565,0.596
0.946,6,407,0.14764282437636858,0.64,0.595,0.6,0.5625,0.596
0.95,7,121,0.14716954942890312,0.64,0.595,0.6,0.5625,0.596
0.952,2,409,0.1469427297175496,0.64,0.595,0.6,0.5625,0.598
0.956,2,64,0.14559212720087544,0.64,0.595,0.6033333333333334,0.565,0.6
0.956,15,55,0.1451354291806333,0.64,0.595,0.6033333333333334,0.565,0.6
0.958,0,56,0.14471227215230165,0.64,0.595,0.6033333333333334,0.5675,0.602
0.96,11,263,0.14517275327219975,0.64,0.6,0.6066666666666667,0.57,0.604
0.96,7,2,0.14234932173696507,0.63,0.595,0.6033333333333334,0.5675,0.602
0.96,7,5,0.14154903717153053,0.63,0.595,0.6033333333333334,0.57,0.604
0.96,19,294,0.14360533307692724,0.63,0.595,0.6033333333333334,0.57,0.604
0.96,9,295,0.13897417317979174,0.63,0.59,0.6,0.565,0.6
0.962,0,17,0.14985435721297566,0.63,0.59,0.6,0.565,0.6
0.962,2,115,0.15746611826153076,0.64,0.595,0.6033333333333334,0.5675,0.602
0.964,0,58,0.1510399312475379,0.64,0.595,0.6033333333333334,0.5675,0.602
0.964,19,184,0.1373833135671198,0.64,0.595,0.6033333333333334,0.5675,0.602
0.964,4,8,0.1387989857110749,0.64,0.595,0.6033333333333334,0.5675,0.602
0.964,7,53,0.14692677745334046,0.64,0.59,0.6,0.565,0.6
0.964,5,182,0.17101859401768776,0.65,0.595,0.6033333333333334,0.5675,0.602
0.966,7,186,0.13642476819932708,0.65,0.595,0.6033333333333334,0.5675,0.602
0.966,0,3,0.1340379304629385,0.65,0.595,0.6033333333333334,0.5675,0.602
0.968,12,35,0.1493116687889935,0.65,0.595,0.6033333333333334,0.5675,0.602
0.968,1,26,0.1484203103206628,0.65,0.595,0.6033333333333334,0.5725,0.606
0.968,6,348,0.1330166775184505,0.65,0.6,0.6066666666666667,0.575,0.608
0.968,14,298,0.14297373423425835,0.65,0.605,0.61,0.5775,0.608
0.97,15,116,0.15598589389350592,0.65,0.61,0.61,0.5775,0.608
0.972,4,450,0.14422124503838504,0.65,0.61,0.61,0.5775,0.606
0.972,9,451,0.14432952551454414,0.65,0.61,0.61,0.5775,0.606
0.972,12,30,0.139194229926399,0.65,0.61,0.61,0.5775,0.606
0.972,11,452,0.14455568570146185,0.65,0.61,0.61,0.5775,0.606
0.972,13,29,0.11658957205083394,0.65,0.615,0.6166666666666667,0.5825,0.612
0.972,0,57,0.11611437835458052,0.65,0.615,0.6166666666666667,0.5825,0.612
0.974,15,10,0.11241107788730952,0.65,0.615,0.6166666666666667,0.5825,0.612
0.978,5,68,0.11519520457313386,0.65,0.615,0.6166666666666667,0.5825,0.612
0.98,10,9,0.10962084832425008,0.65,0.62,0.62,0.585,0.614
0.982,13,347,0.11712861244191868,0.65,0.62,0.62,0.585,0.614
0.984,18,299,0.12932933740992547,0.65,0.62,0.62,0.585,0.614
0.984,2,455,0.14544594786487525,0.65,0.62,0.62,0.585,0.614
0.986,5,34,0.10536835349753033,0.65,0.62,0.62,0.585,0.614
0.986,19,226,0.10851014037579709,0.65,0.62,0.62,0.585,0.614
0.986,6,119,0.10239264052952259,0.65,0.62,0.62,0.585,0.614
0.986,17,120,0.10233520772960673,0.65,0.62,0.6166666666666667,0.585,0.614
0.986,15,146,0.13073558993088247,0.65,0.62,0.6166666666666667,0.585,0.614
0.986,15,11,0.09976308796139446,0.65,0.62,0.6166666666666667,0.585,0.614
0.986,2,118,0.10009908566761307,0.65,0.62,0.6166666666666667,0.585,0.614
0.986,6,18,0.08436912828671261,0.65,0.62,0.6166666666666667,0.585,0.614
0.99,15,232,0.1074704851609279,0.65,0.625,0.62,0.5875,0.616
0.99,4,117,0.09816003353654815,0.66,0.63,0.6233333333333333,0.59,0.618
0.99,4,31,0.09377119744076948,0.66,0.63,0.6233333333333333,0.59,0.618
0.99,11,183,0.0926784994187385,0.66,0.635,0.6266666666666667,0.5925,0.62
0.99,12,90,0.08877034583173123,0.66,0.635,0.6266666666666667,0.5925,0.62
