classifier acc,inferred topic,actual topic,recommend ids,recommend score,100 test set,200 test set,300 test set,400 test set,500 test set
0.062,s,1,55,-1.0,0.07,0.065,0.04666666666666667,0.0525,0.056
0.062,s,1,441,-1.0,0.07,0.065,0.04666666666666667,0.0525,0.056
0.062,s,1,146,-1.0,0.07,0.065,0.04666666666666667,0.0525,0.056
0.064,r,2,439,0.1548059928964171,0.07,0.065,0.04666666666666667,0.0525,0.058
0.068,r,0,437,0.15460347242958364,0.08,0.07,0.05,0.055,0.06
0.072,t,10,435,0.15458811302496184,0.08,0.07,0.05,0.055,0.06
0.076,c,12,433,0.15457069894333697,0.08,0.07,0.05,0.0575,0.062
0.08,s,14,431,0.15456068311102134,0.08,0.07,0.05,0.0575,0.062
0.082,c,12,145,0.18098625097918986,0.08,0.07,0.05,0.0575,0.062
0.086,s,17,429,0.1594037874331974,0.08,0.07,0.05,0.0575,0.064
0.088,c,5,144,0.15982840895457304,0.08,0.07,0.05,0.0575,0.064
0.094,r,2,272,0.16041311352484638,0.08,0.07,0.05,0.0575,0.064
0.098,c,7,426,0.1643016866111114,0.09,0.075,0.05333333333333334,0.06,0.066
0.1,s,14,143,0.16430368159157663,0.09,0.075,0.05333333333333334,0.06,0.068
0.102,a,3,268,0.16503010848832192,0.09,0.075,0.05333333333333334,0.0625,0.07
0.106,a,3,270,0.1660106291186428,0.09,0.075,0.05333333333333334,0.0625,0.07
0.112,s,17,421,0.16774229607083602,0.09,0.075,0.056666666666666664,0.065,0.072
0.114,s,4,142,0.16981516102987432,0.09,0.075,0.056666666666666664,0.065,0.072
0.122,r,0,269,0.17002204901821166,0.1,0.085,0.06333333333333334,0.0725,0.078
0.128,s,8,263,0.17506612605101138,0.1,0.085,0.06333333333333334,0.0725,0.078
0.128,t,16,264,0.1760132691351055,0.1,0.085,0.06333333333333334,0.0725,0.078
0.132,r,19,413,0.1755021710213218,0.1,0.085,0.06333333333333334,0.075,0.082
0.134,s,14,267,0.17556518446606784,0.1,0.085,0.06333333333333334,0.0775,0.084
0.138,c,5,141,0.1794177219351119,0.1,0.085,0.06333333333333334,0.08,0.086
0.144,r,0,420,0.20377887948140028,0.1,0.09,0.06666666666666667,0.085,0.09
0.15,t,11,262,0.18642345024313473,0.1,0.09,0.06666666666666667,0.0875,0.092
0.16,c,13,257,0.18470071321641032,0.1,0.09,0.06666666666666667,0.0875,0.092
0.162,s,17,400,0.17983548670646293,0.1,0.09,0.06666666666666667,0.0875,0.092
0.168,r,19,401,0.18494285246732173,0.1,0.09,0.06666666666666667,0.0875,0.096
0.172,m,9,259,0.1863429800845801,0.11,0.1,0.07333333333333333,0.0925,0.1
0.182,m,9,419,0.22943894775299778,0.12,0.11,0.08333333333333333,0.1,0.106
0.188,c,12,418,0.2335633215708601,0.12,0.11,0.08333333333333333,0.1025,0.108
0.19,t,18,265,0.23898061014694413,0.12,0.11,0.08333333333333333,0.1025,0.11
0.196,s,1,436,0.2810081489036594,0.12,0.11,0.08333333333333333,0.1025,0.112
0.198,t,16,140,0.20823927495808003,0.12,0.11,0.08333333333333333,0.1,0.11
0.2,s,17,405,0.206878486492944,0.13,0.12,0.09,0.105,0.114
0.204,r,2,427,0.27725676966502044,0.13,0.125,0.09333333333333334,0.11,0.118
0.204,r,6,266,0.263275413453723,0.13,0.125,0.09333333333333334,0.1125,0.122
0.204,r,6,428,0.2860191576023171,0.13,0.13,0.1,0.1175,0.126
0.21,c,12,255,0.2194618420755411,0.14,0.145,0.11,0.1275,0.134
0.216,c,12,385,0.21946141382667061,0.14,0.145,0.11,0.1275,0.134
0.22,m,9,417,0.27132802554451757,0.14,0.145,0.11,0.1275,0.134
0.218,r,2,250,0.22838938099855174,0.14,0.145,0.11,0.1275,0.134
0.228,r,2,384,0.2279346054496595,0.14,0.155,0.12333333333333334,0.14,0.146
0.236,c,7,251,0.22684834095588638,0.14,0.155,0.12333333333333334,0.1425,0.148
0.238,s,1,430,0.3142272627631167,0.14,0.15,0.12,0.14,0.146
0.24,c,5,398,0.23344894084902118,0.14,0.155,0.12666666666666668,0.145,0.152
0.242,c,15,432,0.3210747793897541,0.14,0.155,0.13,0.1475,0.154
0.246,t,10,258,0.28402256696271067,0.15,0.16,0.13333333333333333,0.15,0.156
0.25,m,9,407,0.2442759113294746,0.15,0.16,0.13,0.1475,0.154
0.254,c,12,386,0.2472752079551508,0.15,0.16,0.13,0.1475,0.156
0.258,r,2,253,0.24614506773878372,0.16,0.165,0.13333333333333333,0.15,0.158
0.26,r,2,139,0.24855110195748306,0.16,0.165,0.13666666666666666,0.1525,0.16
0.264,t,11,438,0.3417687403706455,0.16,0.165,0.14333333333333334,0.1575,0.164
0.27,c,13,425,0.3324334495737102,0.16,0.17,0.14333333333333334,0.1575,0.164
0.274,t,18,399,0.2605692518140439,0.16,0.17,0.14666666666666667,0.16,0.166
0.276,a,3,415,0.31446570120245015,0.16,0.18,0.15333333333333332,0.165,0.17
0.28,m,9,252,0.2545204602033748,0.16,0.18,0.15333333333333332,0.165,0.17
0.28,r,6,247,0.2590651819309198,0.16,0.18,0.15333333333333332,0.165,0.17
0.286,r,2,414,0.32087131318313356,0.17,0.195,0.16333333333333333,0.1725,0.176
0.286,c,15,434,0.35341808226353344,0.17,0.195,0.16333333333333333,0.1725,0.178
0.29,s,4,424,0.3463335186490452,0.18,0.2,0.16666666666666666,0.175,0.18
0.296,r,0,408,0.3001731729480463,0.18,0.205,0.17333333333333334,0.18,0.184
0.304,r,0,397,0.303237610142787,0.18,0.205,0.17333333333333334,0.18,0.184
0.308,c,5,242,0.2831574934006996,0.19,0.21,0.17666666666666667,0.1825,0.186
0.31,s,4,412,0.33149206956923943,0.2,0.215,0.17666666666666667,0.185,0.188
0.32,c,12,411,0.3329842983687529,0.2,0.215,0.18333333333333332,0.19,0.198
0.322,a,3,396,0.29217634021202493,0.19,0.21,0.18,0.1875,0.196
0.328,a,3,410,0.33574865788614594,0.18,0.2,0.17333333333333334,0.1825,0.192
0.334,t,16,363,0.29396571401366317,0.18,0.2,0.17333333333333334,0.1825,0.192
0.334,r,19,362,0.29710068316849986,0.19,0.205,0.17666666666666667,0.185,0.194
0.342,s,4,388,0.32915651527478945,0.19,0.21,0.18333333333333332,0.19,0.2
0.346,c,12,389,0.30190929514495773,0.19,0.205,0.18,0.1875,0.196
0.348,s,8,271,0.3661452310290607,0.18,0.205,0.18,0.1875,0.196
0.346,c,15,409,0.3422882764079206,0.18,0.205,0.18,0.1875,0.196
0.354,a,3,246,0.32473714206163645,0.18,0.205,0.18,0.1875,0.198
0.36,c,12,402,0.3382365911793897,0.18,0.205,0.18666666666666668,0.195,0.204
0.366,r,0,406,0.3447158428065706,0.18,0.205,0.18666666666666668,0.195,0.204
0.374,t,10,404,0.3453949496171257,0.19,0.21,0.18666666666666668,0.195,0.204
0.378,s,1,260,0.3605789564561718,0.19,0.21,0.18666666666666668,0.1975,0.206
0.378,c,13,416,0.36430421380851813,0.19,0.21,0.18666666666666668,0.1975,0.206
0.378,s,1,249,0.34740114353957174,0.19,0.205,0.18333333333333332,0.195,0.204
0.384,c,15,261,0.363380185036201,0.21,0.215,0.19333333333333333,0.2025,0.21
0.384,r,2,440,0.3677827170162752,0.21,0.215,0.19333333333333333,0.2025,0.21
0.388,s,1,423,0.3662447509828545,0.21,0.215,0.19333333333333333,0.2025,0.21
0.39,r,0,422,0.3657705217288954,0.21,0.215,0.19333333333333333,0.2,0.208
0.392,c,15,391,0.3580357217978528,0.21,0.215,0.19666666666666666,0.2025,0.21
0.396,s,4,393,0.35919213983213655,0.22,0.22,0.2,0.205,0.212
0.398,t,18,403,0.3647118376826568,0.22,0.22,0.2,0.205,0.21
0.398,s,17,387,0.3604474909432748,0.22,0.22,0.19666666666666666,0.2025,0.208
0.4,c,13,244,0.35735485716525484,0.22,0.22,0.19666666666666666,0.2025,0.208
0.404,s,14,395,0.3630261083922949,0.22,0.22,0.19666666666666666,0.2025,0.21
0.406,r,0,248,0.35862834273873023,0.22,0.22,0.19666666666666666,0.2025,0.21
0.406,s,8,256,0.3639284532618937,0.23,0.225,0.2,0.2025,0.212
0.412,s,8,390,0.3646321668720647,0.25,0.235,0.20666666666666667,0.2075,0.216
0.416,m,9,254,0.3640932163758825,0.25,0.235,0.20666666666666667,0.2075,0.216
0.42,m,9,392,0.3656114852139929,0.26,0.24,0.21,0.2125,0.22
0.426,c,15,245,0.3642201263965373,0.26,0.245,0.21666666666666667,0.2175,0.224
0.43,c,5,365,0.3618341098889297,0.28,0.26,0.22666666666666666,0.225,0.232
0.434,r,6,394,0.36663855580653815,0.28,0.26,0.22666666666666666,0.225,0.232
0.438,r,6,369,0.36350799042712717,0.28,0.26,0.22666666666666666,0.225,0.232
0.44,t,16,370,0.36422743739638386,0.28,0.26,0.22666666666666666,0.225,0.232
0.448,a,3,376,0.3589082552321926,0.28,0.26,0.22666666666666666,0.225,0.232
0.448,t,11,371,0.36544101125657924,0.28,0.26,0.22666666666666666,0.2275,0.234
0.454,s,14,374,0.3659427644138894,0.28,0.26,0.22666666666666666,0.23,0.236
0.458,r,2,377,0.3663765091606205,0.28,0.26,0.22666666666666666,0.2275,0.236
0.46,s,14,378,0.36260671522751065,0.31,0.275,0.24,0.2375,0.246
0.46,c,5,373,0.36514074222468346,0.31,0.275,0.24,0.2375,0.246
0.46,s,14,380,0.36730659816001504,0.31,0.28,0.24666666666666667,0.2425,0.25
0.466,s,8,381,0.3674925726420693,0.33,0.29,0.25333333333333335,0.2475,0.254
0.468,s,4,382,0.36762085646932424,0.33,0.29,0.25666666666666665,0.2525,0.258
0.47,c,5,383,0.3641499563123938,0.33,0.29,0.25666666666666665,0.2525,0.26
0.476,m,9,237,0.35625102692090105,0.33,0.295,0.26,0.255,0.262
0.482,s,14,379,0.35647387879066744,0.34,0.3,0.26666666666666666,0.26,0.266
0.48,r,19,238,0.35901852720053373,0.35,0.305,0.27,0.2625,0.268
0.482,c,12,239,0.36023104786797383,0.35,0.305,0.27666666666666667,0.27,0.274
0.484,t,16,240,0.36133617123668765,0.36,0.31,0.28,0.2725,0.276
0.484,r,2,342,0.35548730267575485,0.38,0.32,0.29,0.28,0.282
0.486,m,9,346,0.35654413675002206,0.36,0.31,0.2866666666666667,0.2775,0.28
0.488,s,4,347,0.35746953393171427,0.36,0.31,0.2833333333333333,0.275,0.278
0.49,m,9,348,0.3582718955801749,0.35,0.305,0.28,0.2725,0.278
0.494,r,6,375,0.3633355500968622,0.35,0.305,0.28,0.27,0.276
0.496,s,8,350,0.35953883110700086,0.35,0.305,0.28,0.27,0.276
0.504,t,18,351,0.36001400208379464,0.35,0.31,0.2833333333333333,0.2725,0.282
0.508,m,9,372,0.3551746816938601,0.35,0.32,0.29333333333333333,0.28,0.29
0.514,s,1,352,0.3614070721102827,0.35,0.32,0.29333333333333333,0.28,0.294
0.514,s,4,354,0.3622401212948594,0.36,0.325,0.3,0.285,0.3
0.516,c,13,353,0.3609821102417823,0.36,0.325,0.3,0.285,0.3
0.518,s,1,356,0.36369981387169786,0.37,0.335,0.30666666666666664,0.2925,0.306
0.516,t,16,357,0.36432875524108094,0.37,0.335,0.30666666666666664,0.2925,0.306
0.524,s,8,349,0.3501960315762873,0.38,0.34,0.31666666666666665,0.3,0.312
0.524,r,19,361,0.3499942230063527,0.38,0.345,0.31333333333333335,0.3,0.312
0.53,s,17,359,0.3658523904475107,0.37,0.35,0.31666666666666665,0.3025,0.316
0.532,c,5,355,0.3556837888623481,0.38,0.355,0.3233333333333333,0.3075,0.32
0.532,a,3,364,0.35217368339122795,0.38,0.36,0.32666666666666666,0.31,0.322
0.538,c,12,360,0.36686313062496323,0.38,0.36,0.32666666666666666,0.31,0.322
0.54,t,11,366,0.35639259724629313,0.38,0.36,0.32666666666666666,0.31,0.322
0.544,s,8,367,0.355808128678862,0.38,0.36,0.32666666666666666,0.31,0.322
0.544,r,2,368,0.3556601122217379,0.39,0.365,0.33,0.3125,0.324
0.548,s,4,243,0.3561170752483446,0.39,0.365,0.3333333333333333,0.3125,0.324
0.548,r,2,87,0.35047481709560796,0.41,0.375,0.34,0.3175,0.328
0.55,c,7,345,0.35261046464203244,0.41,0.375,0.34,0.315,0.326
0.548,c,12,341,0.34805127945157943,0.41,0.37,0.33666666666666667,0.3125,0.326
0.55,m,9,319,0.3429874065565015,0.41,0.37,0.33666666666666667,0.315,0.328
0.554,c,5,344,0.35255391783823753,0.42,0.375,0.34,0.315,0.328
0.556,s,8,241,0.3617542907275481,0.42,0.375,0.34,0.3125,0.326
0.558,r,19,358,0.36686622555214554,0.42,0.375,0.34,0.3125,0.326
0.558,s,1,327,0.3524613677633547,0.42,0.38,0.35,0.32,0.332
0.56,r,2,328,0.35436717643672433,0.41,0.375,0.3466666666666667,0.3225,0.332
0.562,t,11,329,0.35617905437027336,0.41,0.375,0.3466666666666667,0.325,0.334
0.56,a,3,330,0.3578245366750348,0.41,0.375,0.35,0.325,0.336
0.56,r,0,331,0.3593064230616822,0.41,0.375,0.35333333333333333,0.325,0.338
0.564,t,18,338,0.3546457436346962,0.41,0.38,0.36,0.33,0.342
0.57,r,0,340,0.35652486444008186,0.41,0.38,0.36,0.33,0.344
0.574,s,14,333,0.3628871091882556,0.41,0.38,0.36,0.33,0.344
0.574,c,13,334,0.3638210451240447,0.42,0.385,0.36333333333333334,0.3325,0.346
0.574,t,10,236,0.3588641151070541,0.41,0.385,0.36333333333333334,0.335,0.348
0.578,r,19,336,0.3653460296034763,0.41,0.385,0.36333333333333334,0.335,0.348
0.58,r,19,337,0.365950357576111,0.41,0.385,0.36333333333333334,0.335,0.352
0.582,s,1,339,0.3618284808848062,0.42,0.39,0.36666666666666664,0.3375,0.356
0.586,a,3,335,0.3608011338432805,0.43,0.395,0.37,0.34,0.358
0.59,s,4,343,0.3490187802277177,0.43,0.39,0.37,0.34,0.36
0.59,s,14,35,0.34488124307618845,0.43,0.39,0.37,0.3425,0.362
0.59,r,19,326,0.33773782158389637,0.43,0.39,0.37333333333333335,0.345,0.364
0.59,s,14,332,0.33802995134416397,0.43,0.39,0.37333333333333335,0.345,0.364
0.592,c,7,322,0.34007499616961756,0.42,0.385,0.37,0.3425,0.362
0.596,t,18,325,0.3433405017048052,0.42,0.385,0.37333333333333335,0.345,0.364
0.6,t,11,86,0.35818622290257024,0.43,0.39,0.38,0.35,0.366
0.606,t,16,307,0.33640917529439046,0.43,0.39,0.38,0.35,0.366
0.608,s,1,309,0.3397125047864428,0.43,0.39,0.38,0.35,0.366
0.614,s,8,310,0.3428633199458418,0.44,0.395,0.38666666666666666,0.355,0.37
0.614,t,16,235,0.34181911065158815,0.44,0.395,0.38666666666666666,0.355,0.37
0.62,s,14,323,0.3374628491617165,0.44,0.395,0.38666666666666666,0.355,0.37
0.622,s,1,313,0.3508235155837681,0.44,0.395,0.38666666666666666,0.355,0.372
0.624,t,16,317,0.3531029233083359,0.44,0.395,0.38666666666666666,0.355,0.372
0.622,m,9,318,0.3551512626079098,0.44,0.395,0.38666666666666666,0.355,0.372
0.624,r,0,314,0.3464087885030405,0.44,0.4,0.39,0.3575,0.374
0.628,s,1,315,0.3486886285457875,0.44,0.4,0.38666666666666666,0.355,0.372
0.63,c,15,320,0.3601492782441251,0.44,0.4,0.38666666666666666,0.3525,0.37
0.63,t,11,321,0.3614813368673484,0.44,0.4,0.38666666666666666,0.3525,0.368
0.628,t,11,316,0.3542354108506424,0.45,0.4,0.38666666666666666,0.3575,0.372
0.63,c,15,306,0.34615664764023607,0.44,0.4,0.38666666666666666,0.3575,0.372
0.634,s,4,324,0.34967652979649966,0.44,0.4,0.38666666666666666,0.3575,0.372
0.636,c,15,308,0.3495890098067695,0.44,0.4,0.38666666666666666,0.3575,0.372
0.634,t,16,311,0.3349324911721744,0.45,0.405,0.39,0.36,0.374
0.636,s,17,291,0.3334767500952157,0.45,0.405,0.39,0.36,0.374
0.636,r,19,295,0.3375501537448118,0.45,0.4,0.38666666666666666,0.3575,0.372
0.636,s,14,297,0.34128400466640363,0.45,0.4,0.38333333333333336,0.3575,0.372
0.638,s,17,298,0.3446792762087825,0.46,0.405,0.38666666666666666,0.36,0.376
0.638,c,15,312,0.3575432172968365,0.47,0.41,0.39,0.3625,0.378
0.64,t,10,299,0.35052181982111624,0.47,0.41,0.3933333333333333,0.365,0.38
0.646,a,3,301,0.35302161392113535,0.47,0.415,0.4,0.3725,0.386
0.646,r,2,302,0.35525963027731755,0.47,0.415,0.4,0.3725,0.386
0.652,s,8,303,0.35725692563250294,0.47,0.42,0.4033333333333333,0.375,0.39
0.652,r,6,304,0.35902443788971905,0.47,0.42,0.4066666666666667,0.38,0.394
0.656,r,6,85,0.3460534506423453,0.47,0.415,0.4,0.3775,0.392
0.658,c,15,305,0.3511237862210956,0.47,0.415,0.4,0.38,0.394
0.662,t,18,300,0.351831216006215,0.47,0.415,0.4,0.38,0.394
0.672,t,18,233,0.3440043318259241,0.48,0.425,0.4066666666666667,0.38,0.396
0.676,c,12,95,0.3443594802641363,0.48,0.435,0.41333333333333333,0.3875,0.404
0.682,c,7,234,0.34891765698939436,0.48,0.435,0.4166666666666667,0.39,0.408
0.684,r,0,96,0.3457118245260947,0.49,0.445,0.42333333333333334,0.395,0.412
0.686,s,17,296,0.33991846404457016,0.5,0.455,0.43,0.4,0.416
0.688,s,4,292,0.332684247408757,0.5,0.455,0.43,0.4,0.416
0.69,t,16,294,0.3383474198510167,0.5,0.46,0.43666666666666665,0.405,0.418
0.69,c,12,290,0.33938071402172676,0.5,0.465,0.44,0.4075,0.42
0.694,r,2,293,0.3377439920272279,0.5,0.465,0.44,0.4075,0.42
0.698,s,4,282,0.3339691149046138,0.5,0.465,0.44333333333333336,0.41,0.422
0.698,c,5,287,0.3379044584956826,0.5,0.465,0.44333333333333336,0.41,0.422
0.7,r,2,285,0.33927283768540395,0.5,0.465,0.44333333333333336,0.41,0.422
0.7,r,6,289,0.34478805560681336,0.5,0.465,0.44666666666666666,0.4125,0.428
0.704,s,14,288,0.3477792885025863,0.5,0.465,0.45,0.415,0.43
0.704,r,19,286,0.3463479931754215,0.5,0.465,0.45666666666666667,0.42,0.434
0.71,c,7,280,0.3391072342582124,0.5,0.465,0.45666666666666667,0.42,0.436
0.712,s,17,133,0.32939947393936503,0.5,0.47,0.46,0.4225,0.438
0.712,s,17,103,0.3281426107929623,0.51,0.475,0.4633333333333333,0.425,0.44
0.714,r,0,284,0.34953495514947547,0.52,0.485,0.47,0.43,0.446
0.716,s,4,283,0.33141595855953965,0.52,0.49,0.47333333333333333,0.4325,0.448
0.718,s,1,232,0.33529982491599897,0.52,0.49,0.47333333333333333,0.4325,0.448
0.718,r,0,94,0.33815765975040396,0.52,0.49,0.47333333333333333,0.4325,0.448
0.718,s,17,274,0.3439183931500777,0.52,0.495,0.47333333333333333,0.4325,0.448
0.72,s,17,231,0.3415224677913128,0.53,0.5,0.4766666666666667,0.435,0.45
0.72,c,7,276,0.349243039464873,0.53,0.5,0.4766666666666667,0.435,0.45
0.72,c,5,229,0.34237227239201473,0.54,0.505,0.48,0.4375,0.454
0.72,a,3,230,0.33958881458229645,0.54,0.505,0.48,0.4375,0.452
0.722,t,16,277,0.3555042584236673,0.54,0.505,0.48333333333333334,0.44,0.454
0.722,s,14,228,0.34539628577032677,0.54,0.505,0.48333333333333334,0.44,0.454
0.722,a,3,278,0.35870353003776745,0.55,0.51,0.4866666666666667,0.4425,0.456
0.728,s,8,281,0.3440710918815643,0.55,0.51,0.4866666666666667,0.4425,0.456
0.73,s,4,130,0.33692919853543124,0.55,0.51,0.4866666666666667,0.4425,0.456
0.734,r,6,93,0.3593594719906402,0.55,0.51,0.4866666666666667,0.4425,0.456
0.736,c,15,279,0.3632792605683906,0.55,0.505,0.48333333333333334,0.44,0.454
0.738,c,13,128,0.3417980243548023,0.55,0.505,0.48333333333333334,0.44,0.456
0.738,r,0,275,0.3514807716421849,0.54,0.5,0.48,0.4375,0.454
0.736,s,14,92,0.347798284937131,0.54,0.5,0.4766666666666667,0.435,0.452
0.738,s,14,227,0.33935177249848486,0.54,0.5,0.4766666666666667,0.435,0.454
0.736,r,0,99,0.3366293084908051,0.54,0.5,0.47333333333333333,0.435,0.454
0.738,r,19,127,0.35623994863665265,0.55,0.505,0.4766666666666667,0.4375,0.458
0.738,s,17,273,0.34715849843599295,0.56,0.51,0.48,0.44,0.464
0.742,c,13,224,0.34501004337290836,0.56,0.51,0.48,0.44,0.464
0.742,t,16,97,0.34210581919388144,0.58,0.52,0.4866666666666667,0.445,0.468
0.746,r,0,225,0.35083387249928744,0.57,0.515,0.48333333333333334,0.4425,0.466
0.746,c,12,98,0.33853436666056524,0.57,0.515,0.48333333333333334,0.4425,0.466
0.744,s,1,220,0.33699828457795045,0.57,0.515,0.48333333333333334,0.4425,0.466
0.744,t,16,226,0.35755491548720847,0.58,0.525,0.49,0.4475,0.47
0.744,s,4,129,0.3662476373486734,0.58,0.53,0.49333333333333335,0.45,0.472
0.744,t,18,221,0.34877004338935924,0.58,0.53,0.49333333333333335,0.4525,0.474
0.742,c,7,131,0.3671067058479498,0.58,0.53,0.49333333333333335,0.4525,0.474
0.744,r,0,132,0.367363747963549,0.58,0.53,0.49333333333333335,0.4525,0.476
0.746,t,18,223,0.35715365894377604,0.58,0.53,0.49666666666666665,0.455,0.478
0.746,m,9,212,0.3470584476343916,0.58,0.53,0.49666666666666665,0.455,0.478
0.752,c,12,222,0.3509866935132312,0.58,0.535,0.5,0.4575,0.48
0.752,c,15,213,0.35372337860912834,0.58,0.535,0.5,0.4575,0.48
0.758,m,9,443,0.36085934823760774,0.59,0.54,0.5033333333333333,0.46,0.482
0.76,s,4,101,0.36521271644342274,0.59,0.54,0.5033333333333333,0.46,0.482
0.76,r,19,447,0.36209369462262436,0.59,0.54,0.5033333333333333,0.46,0.484
0.762,c,7,450,0.3626412337874887,0.6,0.545,0.5066666666666667,0.465,0.488
0.764,c,12,218,0.3638748005121878,0.6,0.55,0.51,0.465,0.488
0.764,s,17,219,0.3650044586473928,0.6,0.55,0.51,0.4625,0.486
0.768,r,6,456,0.3640468739311146,0.6,0.55,0.5133333333333333,0.465,0.488
0.768,c,15,457,0.36444391948775295,0.6,0.55,0.5133333333333333,0.465,0.49
0.774,r,19,459,0.36484660428470994,0.6,0.55,0.5166666666666667,0.4675,0.492
0.776,c,12,460,0.3652091203238385,0.6,0.545,0.5133333333333333,0.465,0.49
0.778,s,8,462,0.36553361253980643,0.6,0.545,0.5133333333333333,0.465,0.49
0.776,c,13,464,0.3658247950501913,0.6,0.545,0.5133333333333333,0.4675,0.492
0.778,c,7,465,0.3660847176556128,0.6,0.545,0.5133333333333333,0.4675,0.492
0.782,t,18,467,0.36631447372006654,0.6,0.545,0.5066666666666667,0.4625,0.488
0.782,a,3,217,0.3665280296579216,0.6,0.545,0.5066666666666667,0.4625,0.488
0.788,s,17,102,0.3668291553436721,0.6,0.545,0.5066666666666667,0.465,0.49
0.79,c,12,472,0.36683535418305846,0.6,0.545,0.5066666666666667,0.465,0.49
0.79,c,15,470,0.36695753440643086,0.6,0.545,0.51,0.4675,0.492
0.79,c,13,126,0.3672268342990115,0.6,0.545,0.51,0.47,0.494
0.79,c,5,471,0.3671462220407904,0.62,0.555,0.5166666666666667,0.475,0.498
0.796,t,16,124,0.3665601602538444,0.62,0.56,0.5233333333333333,0.48,0.504
0.796,s,14,100,0.36472649428537657,0.62,0.56,0.5233333333333333,0.48,0.504
0.796,t,11,473,0.3672575273122336,0.62,0.56,0.5233333333333333,0.48,0.508
0.796,c,7,474,0.3672544500379973,0.62,0.56,0.5233333333333333,0.48,0.508
0.796,s,8,125,0.3646182493506419,0.62,0.56,0.5266666666666666,0.4825,0.51
0.8,r,0,475,0.36719769725755097,0.62,0.56,0.5266666666666666,0.485,0.512
0.802,s,14,476,0.3671461641028805,0.63,0.565,0.5333333333333333,0.4925,0.518
0.802,r,2,216,0.3663963674697971,0.63,0.565,0.5333333333333333,0.4925,0.518
0.802,s,1,214,0.36138473430837764,0.63,0.57,0.5366666666666666,0.4975,0.522
0.808,c,12,215,0.3627383670216758,0.63,0.57,0.5366666666666666,0.4975,0.522
0.808,s,1,446,0.3668570434143037,0.63,0.57,0.5366666666666666,0.495,0.52
0.808,s,1,449,0.3673516232679649,0.63,0.57,0.54,0.4975,0.522
0.81,s,8,204,0.3614388940253711,0.63,0.57,0.54,0.4975,0.522
0.81,s,8,135,0.3666441034911079,0.63,0.57,0.54,0.4975,0.522
0.81,t,10,448,0.3653907670938024,0.63,0.565,0.5366666666666666,0.495,0.52
0.81,c,15,469,0.36615287397896124,0.63,0.57,0.54,0.4975,0.524
0.81,m,9,134,0.3668390973573333,0.63,0.57,0.54,0.4975,0.524
0.81,s,8,468,0.3671579700786259,0.63,0.57,0.54,0.4975,0.524
0.81,t,18,453,0.3673939416129684,0.64,0.575,0.5433333333333333,0.5,0.526
0.81,a,3,454,0.3675691357619296,0.63,0.575,0.5433333333333333,0.4975,0.524
0.812,c,15,455,0.3676368255763834,0.63,0.575,0.5433333333333333,0.4975,0.524
0.814,s,14,210,0.36667765335557223,0.63,0.575,0.5433333333333333,0.5,0.526
0.816,t,18,442,0.3675047864089683,0.63,0.575,0.5433333333333333,0.5,0.526
0.82,s,8,452,0.3672978664392107,0.63,0.575,0.5466666666666666,0.505,0.534
0.82,c,13,211,0.36702590223571374,0.63,0.575,0.5466666666666666,0.505,0.534
0.822,r,19,451,0.3667251325730701,0.63,0.575,0.5466666666666666,0.505,0.534
0.826,s,8,165,0.36652049014015636,0.62,0.57,0.5433333333333333,0.5025,0.532
0.828,r,0,444,0.365886935314476,0.62,0.57,0.54,0.5,0.53
0.83,c,12,463,0.36731923193649313,0.62,0.57,0.54,0.4975,0.528
0.832,s,14,461,0.3673990540317481,0.62,0.57,0.54,0.4975,0.528
0.834,s,14,200,0.36076916560675054,0.62,0.57,0.54,0.4975,0.528
0.834,s,8,166,0.3676520764690925,0.62,0.57,0.54,0.4975,0.528
0.832,r,19,202,0.3641001738521548,0.62,0.57,0.54,0.4975,0.528
0.832,t,18,466,0.3674988540746365,0.62,0.57,0.54,0.4975,0.528
0.832,r,19,458,0.3670028184843212,0.62,0.57,0.54,0.5,0.53
0.834,t,11,164,0.36504980354502703,0.62,0.57,0.54,0.5,0.53
0.838,c,15,209,0.3646376355056261,0.62,0.57,0.5433333333333333,0.5025,0.532
0.838,c,7,123,0.36335297862610133,0.62,0.57,0.54,0.5,0.53
0.838,s,1,208,0.36387144621077977,0.62,0.57,0.54,0.5,0.53
0.838,r,0,445,0.36348704840854745,0.62,0.57,0.54,0.5,0.53
0.838,r,19,149,0.3585530776074748,0.62,0.57,0.54,0.5,0.53
0.84,s,8,37,0.35713739531663763,0.62,0.57,0.54,0.4975,0.528
0.84,m,9,201,0.36645320812403376,0.62,0.57,0.54,0.4975,0.528
0.84,r,0,207,0.36168096273617134,0.62,0.57,0.5366666666666666,0.495,0.526
0.84,s,1,206,0.36119563062211896,0.62,0.57,0.5366666666666666,0.495,0.526
0.842,t,16,160,0.36191874408729974,0.62,0.57,0.5366666666666666,0.495,0.526
0.842,a,3,198,0.3637894739407113,0.63,0.575,0.5433333333333333,0.5,0.53
0.842,a,3,161,0.3653545525522386,0.63,0.575,0.5433333333333333,0.5,0.53
0.842,m,9,162,0.3664283124824128,0.63,0.575,0.54,0.4975,0.528
0.842,r,6,163,0.3671286403049826,0.63,0.575,0.54,0.4975,0.528
0.844,r,19,148,0.35953258066181354,0.63,0.58,0.5466666666666666,0.5025,0.532
0.844,c,12,205,0.36443539617976645,0.64,0.585,0.55,0.505,0.534
0.846,c,12,203,0.36500674667138666,0.64,0.585,0.5533333333333333,0.5075,0.536
0.846,c,7,191,0.3584438843442806,0.64,0.585,0.5533333333333333,0.5075,0.536
0.848,r,19,192,0.36066188890287953,0.64,0.59,0.5566666666666666,0.51,0.538
0.848,m,9,193,0.36250107598034614,0.64,0.59,0.5566666666666666,0.51,0.54
0.85,c,12,168,0.3562412172209178,0.64,0.59,0.5566666666666666,0.51,0.54
0.85,s,17,197,0.3651557224179853,0.64,0.59,0.5633333333333334,0.515,0.544
0.85,r,2,194,0.36098257391076183,0.64,0.59,0.5666666666666667,0.5175,0.546
0.852,r,6,195,0.3624090581069237,0.66,0.6,0.5733333333333334,0.525,0.554
0.852,r,19,196,0.3636120937227598,0.66,0.6,0.5766666666666667,0.5275,0.556
0.856,r,2,121,0.3607419403462459,0.65,0.6,0.5766666666666667,0.5275,0.554
0.856,c,5,199,0.36540292000502067,0.65,0.6,0.5766666666666667,0.5275,0.554
0.858,t,18,158,0.36046286750113543,0.65,0.6,0.5766666666666667,0.5275,0.554
0.858,m,9,147,0.36258293767022776,0.65,0.6,0.5766666666666667,0.525,0.552
0.858,c,15,122,0.35482994632094866,0.65,0.6,0.5766666666666667,0.525,0.552
0.86,t,11,159,0.3641109469426003,0.65,0.595,0.5766666666666667,0.525,0.552
0.862,t,11,150,0.36069405871182175,0.65,0.595,0.58,0.5275,0.554
0.864,c,5,154,0.35574932736007137,0.65,0.595,0.58,0.5275,0.554
0.864,t,11,151,0.36080056146172385,0.65,0.595,0.58,0.5275,0.554
0.864,r,0,157,0.35977460712301,0.65,0.59,0.5766666666666667,0.525,0.552
0.866,c,13,104,0.3549940813109635,0.65,0.59,0.58,0.5275,0.554
0.868,c,12,190,0.3608735546232845,0.65,0.59,0.58,0.5275,0.554
0.868,t,16,184,0.35970060026481154,0.65,0.59,0.5833333333333334,0.53,0.556
0.868,c,7,185,0.36195757120983285,0.65,0.59,0.5833333333333334,0.53,0.556
0.868,a,3,187,0.35785915641650673,0.65,0.59,0.5833333333333334,0.53,0.556
0.868,m,9,112,0.35380562558114864,0.65,0.59,0.5833333333333334,0.53,0.556
0.87,c,5,189,0.36617559696425384,0.65,0.59,0.5833333333333334,0.53,0.556
0.874,c,13,182,0.3590534074430652,0.65,0.585,0.58,0.5275,0.556
0.874,s,4,156,0.3606301045309293,0.65,0.585,0.58,0.5275,0.556
0.878,r,2,186,0.36348492222205087,0.65,0.58,0.5766666666666667,0.525,0.554
0.878,s,1,188,0.365045984896191,0.65,0.58,0.5766666666666667,0.525,0.554
0.878,a,3,105,0.35769909379767845,0.65,0.58,0.5766666666666667,0.525,0.554
0.88,s,8,183,0.3569839304504917,0.65,0.58,0.5766666666666667,0.5275,0.556
0.882,c,7,155,0.3600843079235387,0.66,0.585,0.58,0.53,0.558
0.882,r,0,180,0.35885426737885606,0.66,0.585,0.58,0.53,0.558
0.88,r,0,175,0.3612587878962362,0.66,0.585,0.58,0.53,0.558
0.882,c,12,179,0.36368419106162375,0.66,0.585,0.58,0.53,0.558
0.882,c,13,169,0.3641400168374937,0.66,0.585,0.58,0.53,0.558
0.882,s,4,170,0.3657507859543342,0.66,0.585,0.58,0.53,0.558
0.882,t,11,172,0.3668224534715585,0.66,0.585,0.58,0.53,0.558
0.882,t,10,174,0.36740612995956246,0.66,0.585,0.58,0.53,0.558
0.884,c,7,167,0.36683761837265805,0.66,0.585,0.58,0.53,0.558
0.886,t,11,120,0.3654911780677751,0.66,0.59,0.5833333333333334,0.535,0.562
0.886,s,4,171,0.3667375998049293,0.66,0.6,0.59,0.54,0.566
0.886,t,18,176,0.36626228238455383,0.66,0.6,0.59,0.54,0.566
0.886,s,14,177,0.3670741650381093,0.66,0.6,0.59,0.54,0.566
0.888,r,6,178,0.36752914912152645,0.66,0.6,0.59,0.54,0.566
0.89,c,15,115,0.35999711113930677,0.66,0.605,0.5933333333333334,0.5425,0.568
0.892,c,15,181,0.36520618442421815,0.66,0.605,0.5933333333333334,0.5425,0.568
0.892,s,4,153,0.3655671781113582,0.66,0.605,0.5933333333333334,0.5425,0.568
0.892,r,0,152,0.3662321404104493,0.66,0.605,0.5933333333333334,0.5425,0.568
0.894,c,13,111,0.3576749799935781,0.66,0.605,0.5933333333333334,0.5425,0.568
0.894,c,7,117,0.3549931897249515,0.67,0.61,0.5966666666666667,0.545,0.57
0.896,s,17,114,0.36112791348319406,0.67,0.61,0.6,0.5475,0.572
0.896,s,8,59,0.3550225925615609,0.67,0.61,0.6,0.5475,0.572
0.898,m,9,119,0.36386328780995014,0.67,0.61,0.6,0.5475,0.572
0.9,c,15,118,0.3632020248728683,0.67,0.605,0.5966666666666667,0.545,0.57
0.9,c,12,173,0.36003211859905465,0.67,0.605,0.5966666666666667,0.5475,0.572
0.9,s,1,116,0.3618054679181126,0.67,0.605,0.5966666666666667,0.5475,0.572
0.9,r,2,53,0.35020494979542827,0.68,0.61,0.6,0.55,0.574
0.9,r,6,113,0.3677304334294298,0.68,0.61,0.6,0.55,0.576
0.9,s,1,10,0.34593194851865267,0.68,0.61,0.6,0.55,0.576
0.9,s,1,11,0.3363452654203887,0.68,0.61,0.5966666666666667,0.545,0.572
0.9,a,3,58,0.36477332151780395,0.69,0.615,0.6,0.5475,0.576
0.9,c,12,138,0.3360989758008399,0.69,0.615,0.6,0.5475,0.576
0.9,c,15,109,0.3361131142301538,0.69,0.615,0.5966666666666667,0.545,0.574
0.902,m,9,110,0.3623571568255226,0.69,0.615,0.5966666666666667,0.545,0.574
0.902,a,3,57,0.3547372503747212,0.69,0.615,0.5966666666666667,0.545,0.576
0.904,r,6,137,0.3334256311008434,0.69,0.615,0.5966666666666667,0.545,0.576
0.904,r,2,52,0.36377881094699044,0.69,0.615,0.5966666666666667,0.545,0.576
0.908,s,17,107,0.33981518197296984,0.69,0.615,0.5966666666666667,0.5475,0.578
0.908,c,5,108,0.344649628689365,0.69,0.615,0.5966666666666667,0.5475,0.578
0.908,c,12,78,0.3308783829342325,0.69,0.615,0.5966666666666667,0.5475,0.578
0.908,m,9,136,0.3359227055170284,0.69,0.615,0.5966666666666667,0.5475,0.578
0.91,s,14,51,0.3472465721039144,0.69,0.62,0.6033333333333334,0.5525,0.582
0.91,c,12,79,0.33156188402063164,0.69,0.62,0.6033333333333334,0.5525,0.582
0.912,s,4,106,0.3346941810673436,0.69,0.62,0.6033333333333334,0.5525,0.582
0.912,s,4,24,0.3358591009402515,0.69,0.62,0.6066666666666667,0.555,0.584
0.912,c,13,25,0.3402827764879661,0.69,0.62,0.6033333333333334,0.5525,0.582
0.912,r,19,74,0.3357915169285765,0.69,0.62,0.6066666666666667,0.555,0.584
0.912,c,5,75,0.3416771660303144,0.69,0.62,0.6066666666666667,0.555,0.584
0.914,r,19,77,0.3325431255604052,0.7,0.625,0.61,0.5575,0.586
0.914,a,3,56,0.3542967057355051,0.7,0.625,0.61,0.5575,0.588
0.916,c,5,70,0.34030109848832063,0.7,0.625,0.61,0.5575,0.588
0.916,c,12,26,0.3585679055730696,0.7,0.625,0.61,0.5575,0.588
0.918,m,9,54,0.3390570371639063,0.7,0.625,0.61,0.5575,0.588
0.918,m,9,71,0.35510421924314345,0.7,0.625,0.61,0.5575,0.588
0.92,c,7,43,0.32917136216075454,0.7,0.625,0.6133333333333333,0.56,0.588
0.922,t,16,73,0.3331954490950079,0.7,0.625,0.6133333333333333,0.56,0.588
0.922,r,6,27,0.3654334689858389,0.7,0.625,0.6133333333333333,0.56,0.588
0.922,a,3,72,0.3655720670512304,0.7,0.625,0.6133333333333333,0.5625,0.59
0.922,s,17,49,0.3417465558395449,0.7,0.625,0.6133333333333333,0.5625,0.592
0.924,r,2,76,0.36725412298053545,0.7,0.625,0.6133333333333333,0.5625,0.586
0.924,s,1,50,0.3489587526758971,0.7,0.625,0.6133333333333333,0.5625,0.586
0.924,c,12,23,0.349387371577319,0.7,0.625,0.6133333333333333,0.5625,0.586
0.926,s,14,69,0.3334651145199398,0.7,0.63,0.6166666666666667,0.565,0.588
0.926,c,13,91,0.3405630788145078,0.7,0.63,0.6166666666666667,0.565,0.586
0.926,t,18,62,0.3343647442005683,0.7,0.63,0.6166666666666667,0.565,0.586
0.926,c,15,64,0.3399214556852518,0.69,0.625,0.6133333333333333,0.5625,0.584
0.926,s,8,89,0.338227438622735,0.69,0.625,0.6133333333333333,0.5625,0.584
0.926,r,0,65,0.34153716543960394,0.69,0.625,0.6133333333333333,0.5625,0.584
0.928,c,13,68,0.35917101058745676,0.69,0.63,0.6166666666666667,0.565,0.586
0.928,c,13,66,0.3564632948353356,0.69,0.63,0.6166666666666667,0.5675,0.588
0.928,t,10,67,0.35927336767971857,0.69,0.63,0.6166666666666667,0.5675,0.588
0.93,c,12,47,0.35682524993500336,0.69,0.63,0.6166666666666667,0.5675,0.588
0.932,m,9,42,0.3597918525632814,0.69,0.635,0.62,0.57,0.59
0.932,s,8,48,0.36210012826809895,0.69,0.635,0.62,0.57,0.59
0.934,r,6,60,0.34717789437939267,0.68,0.63,0.6166666666666667,0.5675,0.588
0.934,s,8,45,0.34890597422693265,0.69,0.635,0.62,0.57,0.59
0.934,s,1,61,0.35453812085997005,0.69,0.635,0.62,0.57,0.59
0.934,c,13,88,0.3552510327053518,0.69,0.635,0.62,0.57,0.59
0.936,s,1,46,0.3624613506779426,0.69,0.635,0.6233333333333333,0.5725,0.592
0.938,a,3,63,0.36164811846713296,0.69,0.63,0.62,0.57,0.59
0.938,t,10,41,0.36699730595756574,0.69,0.63,0.62,0.57,0.59
0.94,r,2,39,0.3615088520651151,0.69,0.63,0.6233333333333333,0.5725,0.594
0.94,c,15,40,0.3650018275515953,0.69,0.63,0.6233333333333333,0.5725,0.594
0.94,t,16,44,0.3652608643206098,0.69,0.63,0.6233333333333333,0.5725,0.594
0.94,r,19,81,0.34762288635720845,0.69,0.63,0.6233333333333333,0.5725,0.592
0.942,s,14,90,0.36237436845561644,0.69,0.63,0.6233333333333333,0.5725,0.594
0.944,s,8,83,0.3559052437139593,0.69,0.63,0.6233333333333333,0.5725,0.594
0.942,c,13,82,0.3548277127359818,0.68,0.625,0.62,0.5725,0.594
0.946,s,8,12,0.34286893129742785,0.68,0.625,0.62,0.5725,0.594
0.946,t,11,22,0.34217526083115446,0.68,0.625,0.62,0.5725,0.594
0.946,r,0,84,0.36636905555829496,0.68,0.63,0.6233333333333333,0.575,0.596
0.948,c,5,38,0.34814226569791834,0.69,0.635,0.6266666666666667,0.5775,0.598
0.95,s,4,36,0.34196011300859475,0.69,0.635,0.6266666666666667,0.5775,0.598
0.95,r,2,28,0.3379006907790534,0.69,0.635,0.6266666666666667,0.5775,0.598
0.95,c,15,33,0.33363572191641816,0.69,0.635,0.6266666666666667,0.5775,0.598
0.95,t,11,21,0.3142614040935271,0.69,0.635,0.6266666666666667,0.5775,0.598
0.954,m,9,80,0.3002707819282847,0.69,0.635,0.6266666666666667,0.5775,0.598
0.954,s,14,30,0.29798580820145704,0.69,0.635,0.6266666666666667,0.5775,0.598
0.954,c,7,31,0.3066248106625964,0.69,0.635,0.63,0.58,0.6
0.956,a,3,32,0.31480527208101283,0.7,0.64,0.6333333333333333,0.585,0.604
0.958,s,4,29,0.34468040612130824,0.7,0.64,0.6333333333333333,0.5875,0.606
0.96,c,13,34,0.3294848330133664,0.7,0.645,0.6366666666666667,0.59,0.61
0.96,c,5,20,0.30663526858654006,0.7,0.645,0.6366666666666667,0.59,0.61
0.96,m,9,13,0.29152174364719546,0.7,0.645,0.6366666666666667,0.5925,0.612
0.96,m,9,18,0.2997183004323836,0.7,0.645,0.6366666666666667,0.5925,0.612
0.962,t,10,19,0.30785136952551867,0.7,0.645,0.6366666666666667,0.5925,0.612
0.964,a,3,3,0.29173730055737024,0.7,0.645,0.6366666666666667,0.5925,0.612
0.966,c,7,8,0.28994151137371743,0.7,0.645,0.64,0.5925,0.612
0.966,r,0,9,0.29982144067269956,0.7,0.645,0.64,0.595,0.614
0.966,c,7,15,0.30087337785726553,0.7,0.645,0.64,0.595,0.614
0.97,c,5,14,0.308702930516148,0.7,0.645,0.64,0.595,0.616
0.972,c,5,6,0.285711013962034,0.7,0.645,0.64,0.595,0.616
0.972,t,18,478,0.35854057263540257,0.7,0.645,0.64,0.595,0.614
0.974,s,1,16,0.31854960636869634,0.7,0.645,0.64,0.595,0.616
0.974,s,4,4,0.2707253200526952,0.7,0.645,0.64,0.595,0.616
0.974,a,3,17,0.30135521291969053,0.7,0.645,0.64,0.595,0.616
0.974,c,15,477,0.3590376071271347,0.7,0.645,0.6433333333333333,0.5975,0.618
0.974,r,6,7,0.2776564851796256,0.7,0.645,0.6433333333333333,0.5975,0.618
0.974,r,0,0,0.2556692344648676,0.7,0.645,0.6433333333333333,0.5975,0.618
0.974,r,2,5,0.26331051013144857,0.7,0.645,0.6433333333333333,0.5975,0.618
0.974,s,1,1,0.2542257706212664,0.7,0.65,0.6433333333333333,0.5975,0.618
0.974,r,2,2,0.17033156896889795,0.7,0.65,0.6433333333333333,0.5975,0.618
